Harvester,Time,Plant_ID,Uncolonized_roots,Total_root_tips,Colonized_tips,Soil_mass_extraction_tube,Wet_root_mass_env,Wet_root_mass_frozen,Frozen,Wet_root_mass_total,Notes,Wet_shoot_mass,harvesttime,harvest_datetime,env_g,env_soil_wet_g,env_soil_dry_g,soil_wet_g,soil_dry_g,Date,Time_water_potential,Water_potential_negative_MPa,Water_potential_negative_bar,Water_potential_MPa,Water_potential_notes,Batch,Date_harvested,N_level,Water,Spore,soil_moisture_loss,soil_moisture_loss_corrected,soil_moisture_pct,days_since_watering,water_potential_formatted_time,water_potential_lag,lagnumeric,water_potential_corrected
GR,1899-12-31T11:21:00Z,RS191,"NA","NA","NA",1.19,0.24,0.41,0.48125000000000001,NA,NA,NA,11:21:00,2022-03-25T11:21:00Z,3.88,39.06,35.07,35.18,31.19,2022-03-25,14:09,NA,10.29,-1.029,very clear,Dry day 3,25 March 2022,high,dry,NM,3.9899999999999984,3.9899999999999984,11.34167140420693,3,2022-03-25T14:09:00Z,168,168,-0.46816559999999985
GR,1899-12-31T11:43:00Z,RS215,"NA","NA","NA",1.33,0.2,0.23,0.49861111111111112,NA,NA,NA,11:43:00,2022-03-25T11:43:00Z,3.9,41.44,36.49,37.54,32.59,2022-03-25,14:29,NA,13.65,-1.365,NA,Dry day 3,25 March 2022,high,dry,NM,4.949999999999996,4.949999999999996,13.185935002663815,3,2022-03-25T14:29:00Z,166,166,-0.8108422
GR,1899-12-31T12:07:00Z,RS225,"NA","NA","NA",1.24,0.46,0.3,0.51250000000000007,NA,NA,NA,12:07:00,2022-03-25T12:07:00Z,3.88,40.62,35.79,36.74,31.91,2022-03-25,14:54,NA,10.34,-1.034,very clear,Dry day 3,25 March 2022,high,dry,NM,4.830000000000002,4.830000000000002,13.146434403919438,3,2022-03-25T14:54:00Z,167,167,-0.4765039
GR,1899-12-31T12:26:00Z,RS442,"NA","NA","NA",1.52,0.16,0.11,0.52361111111111114,NA,NA,NA,12:26:00,2022-03-25T12:26:00Z,3.93,40.96,37.88,37.03,33.95,2022-03-25,15:59,NA,35.42,-3.542,very clear,NA,NA,NA,NA,NA,3.0799999999999983,3.0799999999999983,8.317580340264644,NA,2022-03-25T15:59:00Z,213,213,-2.8309420999999997
GR,1899-12-31T12:37:00Z,RS100,"NA","NA","NA",1.43,0.27,0.19,0.53333333333333333,NA,NA,NA,12:37:00,2022-03-25T12:37:00Z,3.94,36.2,33.43,32.26,29.49,2022-03-25,16:09,NA,18.26,-1.826,very clear,Dry day 3,25 March 2022,high,dry,NM,2.7699999999999996,2.7699999999999996,8.586484810911346,3,2022-03-25T16:09:00Z,212,212,-1.1182804000000002
HM,1899-12-31T12:49:00Z,RS305,"NA","NA","NA",NA,NA,NA,0.54027777777777775,0.43,NA,NA,12:49:00,2022-03-22T12:49:00Z,NA,NA,NA,NA,NA,2022-03-22,13:40,NA,13.73,-1.373,NA,Dry day 7,22 March 2022,low,intermed,NM,NA,NA,NA,7,2022-03-22T13:40:00Z,51,51,-1.2027467
HM,1899-12-31T16:38:00Z,RS030,56,59,3,NA,NA,NA,0.69861111111111107,0.34,NA,NA,16:38:00,2022-03-22T16:38:00Z,3.34,44.4,32.77,41.06,29.43,2022-03-22,18:44,NA,13.81,-1.381,NA,Dry day 7,22 March 2022,low,intermed,spore,11.630000000000003,11.630000000000003,28.324403312226014,7,2022-03-22T18:44:00Z,126,126,-0.9603742
HM,1899-12-31T16:49:00Z,RS495,160,166,6,NA,NA,NA,0.70694444444444438,0.57,NA,NA,16:49:00,2022-03-22T16:49:00Z,3.31,48.69,36.71,45.38,33.4,2022-03-22,18:38,NA,11.06,-1.106,NA,Dry day 7,22 March 2022,low,intermed,spore,11.980000000000004,11.980000000000004,26.39929484354342,7,2022-03-22T18:38:00Z,109,109,-0.7421253000000001
HM,1899-12-31T17:01:00Z,RS594,94,94,0,NA,NA,NA,0.71458333333333324,0.42,NA,NA,17:01:00,2022-03-22T17:01:00Z,3.31,42.3,31.67,38.99,28.36,2022-03-22,18:34,NA,8.71,-0.871,NA,Dry day 7,22 March 2022,low,intermed,spore,10.630000000000003,10.630000000000003,27.263400872018472,7,2022-03-22T18:34:00Z,93,93,-0.5605381
HM,1899-12-31T17:12:00Z,RS182,156,156,0,NA,NA,NA,0.72291666666666676,0.59,NA,NA,17:12:00,2022-03-22T17:12:00Z,3.33,43.35,35.71,40.02,32.38,2022-03-22,18:30,NA,12.44,-1.244,NA,Dry day 7,22 March 2022,low,intermed,NM,7.640000000000001,7.640000000000001,19.090454772613693,7,2022-03-22T18:30:00Z,78,78,-0.9836126000000001
HM,1899-12-31T11:41:00Z,RS289,129,129,0,NA,NA,NA,0.4909722222222222,0.36,NA,NA,11:41:00,2022-03-23T11:41:00Z,3.41,40.2,34.91,36.79,31.5,2022-03-23,16:05,NA,5.97,-0.597,NA,Dry day 1,23 March 2022,low,dry,NM,5.289999999999999,5.289999999999999,14.3789073117695,1,2022-03-23T16:05:00Z,264,264,0.2843112000000001
HM,1899-12-31T11:50:00Z,RS299,159,159,0,NA,NA,NA,0.49652777777777773,0.49,NA,NA,11:50:00,2022-03-23T11:50:00Z,3.38,38.09,33.78,34.71,30.4,2022-03-23,16:09,NA,22.3,-2.23,NA,Dry day 1,23 March 2022,low,dry,NM,4.310000000000002,4.310000000000002,12.417170844137143,1,2022-03-23T16:09:00Z,259,259,-1.3653803
HM,1899-12-31T11:58:00Z,RS497,133,234,101,NA,NA,NA,0.50277777777777777,0.32,NA,NA,11:58:00,2022-03-23T11:58:00Z,3.36,40.76,35.38,37.4,32.02,2022-03-23,15:32,NA,23.3,-2.33,NA,Dry day 1,23 March 2022,low,dry,spore,5.3799999999999955,5.3799999999999955,14.385026737967904,1,2022-03-23T15:32:00Z,214,214,-1.6156038000000001
HM,1899-12-31T12:27:00Z,RS435,190,190,0,NA,NA,NA,0.5229166666666667,0.52,NA,NA,12:27:00,2022-03-23T12:27:00Z,3.35,40.59,34.67,37.24,31.32,2022-03-23,15:57,NA,18.9,-1.89,NA,Dry day 1,23 March 2022,high,dry,NM,5.920000000000002,5.920000000000002,15.896885069817404,1,2022-03-23T15:57:00Z,210,210,-1.1889569999999998
HM,1899-12-31T12:36:00Z,RS303,251,251,0,NA,NA,NA,0.52986111111111112,0.43,NA,NA,12:36:00,2022-03-23T12:36:00Z,3.37,35.58,31.11,32.21,27.74,2022-03-23,15:24,NA,9.5,-0.95,NA,Dry day 1,23 March 2022,high,dry,NM,4.470000000000002,4.470000000000002,13.87767773983236,1,2022-03-23T15:24:00Z,168,168,-0.3891655999999999
HM,1899-12-31T12:46:00Z,RS580,104,150,46,NA,NA,NA,0.53611111111111109,0.33,NA,NA,12:46:00,2022-03-23T12:46:00Z,3.37,39.86,34.15,36.49,30.78,2022-03-23,14:54,NA,32.85,-3.285,NA,Dry day 1,23 March 2022,high,dry,spore,5.710000000000001,5.710000000000001,15.648122773362566,1,2022-03-23T14:54:00Z,128,128,-2.8576976000000003
HM,1899-12-31T13:04:00Z,RS391,212,212,0,NA,NA,NA,0.54861111111111105,0.31,NA,NA,13:04:00,2022-03-23T13:04:00Z,3.39,37.24,33.12,33.85,29.73,2022-03-23,15:17,NA,19.5,-1.95,9.4 outer ring wet; 19.5 more toward center; 45.8 whole surface shines; not dark to >50,Dry day 1,23 March 2022,high,dry,NM,4.120000000000001,4.120000000000001,12.171344165435748,1,2022-03-23T15:17:00Z,133,133,-1.5060061
HM,1899-12-31T14:50:00Z,RS541,106,113,7,NA,NA,NA,0.62152777777777779,0.47,NA,NA,14:50:00,2022-03-23T14:50:00Z,3.31,51.13,33.88,47.82,30.57,2022-03-23,17:25,NA,13.1,-1.31,NA,Intermediate day 1,23 March 2022,low,intermed,spore,17.25,17.25,36.07277289836888,1,2022-03-23T17:25:00Z,155,155,-0.7925635
HM,1899-12-31T15:23:00Z,RS309,145,145,0,NA,NA,NA,0.64652777777777781,0.41,"double stem, double root system",NA,15:23:00,2022-03-23T15:23:00Z,3.39,55.39,37.96,52,34.57,2022-03-23,17:12,NA,12.1,-1.21,"two stems. stem A = 12.10, stem B = 15.52",NA,NA,NA,NA,NA,17.43,17.43,33.51923076923077,NA,2022-03-23T17:12:00Z,109,109,-0.8461253
HM,1899-12-31T15:34:00Z,RS411,122,122,0,NA,NA,NA,0.65277777777777779,0.38,NA,NA,15:34:00,2022-03-23T15:34:00Z,3.41,50.98,34.72,47.57,31.31,2022-03-23,16:57,NA,12.83,-1.283,NA,Intermediate day 1,23 March 2022,low,intermed,NM,16.26,16.26,34.181206642842135,1,2022-03-23T16:57:00Z,83,83,-1.0059211
HM,1899-12-31T11:21:00Z,RS164,"NA","NA","NA",NA,NA,NA,0.4777777777777778,0.43,NA,NA,11:21:00,2022-03-23T11:21:00Z,3.4,34.46,28.9,31.06,25.5,2022-03-23,15:50,NA,16.4,-1.64,5.8 dark patch; 16.4 more of it dark,Dry day 1,23 March 2022,low,dry,NM,5.559999999999999,5.559999999999999,17.900837089504183,1,2022-03-23T15:50:00Z,269,269,-0.7419972999999999
HM,1899-12-31T11:34:00Z,RS103,"NA","NA","NA",NA,NA,NA,0.4861111111111111,0.39,NA,NA,11:34:00,2022-03-23T11:34:00Z,3.34,39.87,36.87,36.53,33.53,2022-03-23,15:38,NA,19.1,-1.91,19.1 part of xylem dark; definitely by 25,Dry day 1,23 March 2022,low,dry,NM,3,3,8.212428141253763,1,2022-03-23T15:38:00Z,244,244,-1.0954547999999997
HM,1899-12-31T11:46:00Z,RS405,"NA","NA","NA",NA,NA,NA,0.49583333333333335,0.35,NA,NA,11:46:00,2022-03-23T11:46:00Z,3.36,35.54,30.7,32.18,27.34,2022-03-23,15:45,NA,19.1,-1.91,6.93 middle darker; 19.1 rest of xylem a little darker,Dry day 1,23 March 2022,low,dry,spore,4.84,4.84,15.040397762585457,1,2022-03-23T15:45:00Z,239,239,-1.1121463
HM,1899-12-31T12:57:00Z,RS306,"NA","NA","NA",NA,NA,NA,0.5444444444444444,0.53,NA,NA,12:57:00,2022-03-23T12:57:00Z,3.4,38.69,34.79,35.29,31.39,2022-03-23,15:10,NA,24.9,-2.49,15.95 ring darkened; 24.9 a bit dark in middle; no other change to 50 bar,Dry day 1,23 March 2022,low,dry,NM,3.8999999999999986,3.8999999999999986,11.05128931708699,1,2022-03-23T15:10:00Z,133,133,-2.0460061
HM,1899-12-31T14:02:00Z,RS203,"NA","NA","NA",NA,NA,NA,0.59097222222222223,0.52,NA,NA,14:02:00,2022-03-23T14:02:00Z,3.36,58.72,39.27,55.36,35.91,2022-03-23,17:35,NA,10.43,-1.043,NA,Intermediate day 1,23 March 2022,low,intermed,spore,19.450000000000003,19.450000000000003,35.13367052023122,1,2022-03-23T17:35:00Z,213,213,-0.3319420999999999
HM,1899-12-31T14:17:00Z,RS342,"NA","NA","NA",NA,NA,NA,0.6020833333333333,0.53,NA,NA,14:17:00,2022-03-23T14:17:00Z,3.4,57.76,38.73,54.36,35.33,2022-03-23,17:33,NA,9,-0.9,NA,Intermediate day 1,23 March 2022,low,intermed,spore,19.03,19.03,35.007358351729216,1,2022-03-23T17:33:00Z,196,196,-0.24569319999999994
HM,1899-12-31T14:44:00Z,RS413,233,301,68,NA,NA,NA,0.62986111111111109,0.48,NA,NA,14:44:00,2022-03-23T14:44:00Z,3.4,57.82,40.26,54.42,36.86,2022-03-23,17:28,NA,12.51,-1.251,NA,Intermediate day 1,23 March 2022,low,intermed,spore,17.560000000000002,17.560000000000002,32.26754869533261,1,2022-03-23T17:28:00Z,164,164,-0.7035187999999999
HM,1899-12-31T15:15:00Z,RS070,"NA","NA","NA",NA,NA,NA,0.63958333333333328,0.23,NA,NA,15:15:00,2022-03-23T15:15:00Z,3.38,40.16,36.25,36.78,32.87,2022-03-23,17:20,NA,17.1,-1.71,NA,Dry day 1,23 March 2022,low,dry,NM,3.9100000000000037,3.9100000000000037,10.630777596519858,1,2022-03-23T17:20:00Z,125,125,-1.2927125
HM,1899-12-31T15:28:00Z,RS326,"NA","NA","NA",NA,NA,NA,0.6479166666666667,0.54,NA,NA,15:28:00,2022-03-23T15:28:00Z,3.35,56.22,39.49,52.87,36.14,2022-03-23,17:01,NA,19.62,-1.962,NA,Intermediate day 1,23 March 2022,low,intermed,NM,16.729999999999997,16.729999999999997,31.64365424626442,1,2022-03-23T17:01:00Z,93,93,-1.6515381
HM,1899-12-31T15:38:00Z,RS180,"NA","NA","NA",NA,NA,NA,0.65625,0.28,NA,NA,15:38:00,2022-03-23T15:38:00Z,3.35,48.07,33.6,44.72,30.25,2022-03-23,16:53,NA,14.55,-1.455,NA,Intermediate day 1,23 March 2022,low,intermed,NM,14.469999999999999,14.469999999999999,32.35688729874776,1,2022-03-23T16:53:00Z,75,75,-1.2046275
HM,1899-12-31T09:36:00Z,RS522,281,505,224,1.1599999999999999,0.5,0.15,0.40486111111111112,0.68,NA,NA,09:36:00,2022-03-24T09:36:00Z,3.4,58.4,38.22,55,34.82,2022-03-24,10:44,NA,16.62,-1.662,NA,Wet day 2,24 March 2022,low,wet,spore,20.18,20.18,36.69090909090909,2,2022-03-24T10:44:00Z,68,68,-1.4349956
HM,1899-12-31T09:48:00Z,RS231,125,156,31,1.74,0.31,0.17,0.41319444444444442,0.5,NA,NA,09:48:00,2022-03-24T09:48:00Z,3.38,60.97,40.67,57.59,37.29,2022-03-24,11:11,NA,14.83,-1.483,NA,Wet day 2,24 March 2022,low,wet,spore,20.300000000000004,20.300000000000004,35.24917520402848,2,2022-03-24T11:11:00Z,83,83,-1.2059211
HM,1899-12-31T09:58:00Z,RS374,314,314,0,1.24,0.39,0.25,0.42083333333333334,0.68,NA,NA,09:58:00,2022-03-24T09:58:00Z,3.35,55.77,35.59,52.42,32.24,2022-03-24,11:11,NA,8.28,-0.828,NA,Wet day 2,24 March 2022,low,wet,spore,20.18,20.18,38.49675696299123,2,2022-03-24T11:11:00Z,73,73,-0.5843041
HM,1899-12-31T10:09:00Z,RS283,229,370,141,1.43,0.28999999999999998,0.23,0.4284722222222222,0.56,NA,NA,10:09:00,2022-03-24T10:09:00Z,3.37,58.06,35.35,54.69,31.98,2022-03-24,11:18,NA,15.02,-1.502,NA,Wet day 2,24 March 2022,low,wet,spore,22.709999999999997,22.709999999999997,41.524958859023585,2,2022-03-24T11:18:00Z,69,69,-1.2716573
HM,1899-12-31T10:20:00Z,RS167,160,285,125,1.33,0.27,0.21,0.43611111111111112,0.51,NA,NA,10:20:00,2022-03-24T10:20:00Z,3.29,54.33,32.7,51.04,29.41,2022-03-24,11:25,NA,13.8,-1.38,NA,Wet day 2,24 March 2022,low,wet,spore,21.63,21.63,42.37852664576802,2,2022-03-24T11:25:00Z,65,65,-1.1630105
HM,1899-12-31T10:31:00Z,RS487,217,352,135,1.03,0.34,0.23,0.44305555555555554,0.56,NA,NA,10:31:00,2022-03-24T10:31:00Z,3.36,62.3,41.96,58.94,38.6,2022-03-24,11:32,NA,14.52,-1.452,NA,Wet day 2,24 March 2022,low,wet,spore,20.339999999999996,20.339999999999996,34.5096708517136,2,2022-03-24T11:32:00Z,61,61,-1.2483636999999999
HM,1899-12-31T10:42:00Z,RS375,192,296,104,1.24,0.17,0.14000000000000001,0.45069444444444445,0.34,NA,NA,10:42:00,2022-03-24T10:42:00Z,3.41,58.81,35.5,55.4,32.09,2022-03-24,14:48,NA,18.88,-1.888,NA,Wet day 2,24 March 2022,low,wet,spore,23.309999999999995,23.309999999999995,42.075812274368225,2,2022-03-24T14:48:00Z,246,246,-1.0667782
HM,1899-12-31T10:53:00Z,RS500,118,118,0,1.1599999999999999,0.16,0.12,0.45902777777777781,0.29,NA,NA,10:53:00,2022-03-24T10:53:00Z,3.46,59.87,34.53,56.41,31.07,2022-03-24,14.42,NA,13.72,-1.372,NA,Wet day 2,24 March 2022,low,wet,spore,25.339999999999996,25.339999999999996,44.92111327778762,2,2022-03-24T14:42:00Z,229,229,-0.6075293
HM,1899-12-31T11:04:00Z,RS281,223,271,48,1.38,0.34,0.19,0.46597222222222223,0.55,NA,NA,11:04:00,2022-03-24T11:04:00Z,3.39,60.6,34.49,57.21,31.1,2022-03-24,14:39,NA,17.45,-1.745,NA,Wet day 2,24 March 2022,high,wet,spore,26.11,26.11,45.63887432267086,2,2022-03-24T14:39:00Z,215,215,-1.0272655
HM,1899-12-31T11:15:00Z,RS264,180,180,0,1.1499999999999999,0.27,0.37,0.47430555555555554,0.65,NA,NA,11:15:00,2022-03-24T11:15:00Z,3.41,57.3,35.94,53.89,32.53,2022-03-24,14:29,NA,14.6,-1.46,NA,Wet day 2,24 March 2022,high,wet,NM,21.36,21.36,39.636296158842086,2,2022-03-24T14:29:00Z,194,194,-0.8123697999999999
HM,1899-12-31T11:27:00Z,RS079,243,243,0,0.91,0.32,0.25,0.48194444444444445,0.61,NA,NA,11:27:00,2022-03-24T11:27:00Z,3.39,61.28,37.83,57.89,34.44,2022-03-24,14:16,NA,19.08,-1.908,NA,Wet day 2,24 March 2022,low,wet,NM,23.450000000000003,23.450000000000003,40.50785973397824,2,2022-03-24T14:16:00Z,169,169,-1.3438272999999998
HM,1899-12-31T11:45:00Z,RS263,109,109,0,1.1299999999999999,0.22,0.14000000000000001,0.49305555555555558,0.41,NA,NA,11:45:00,2022-03-24T11:45:00Z,3.44,58.49,34.38,55.05,30.94,2022-03-24,14:04,NA,17.75,-1.775,NA,Wet day 2,24 March 2022,high,wet,NM,24.109999999999996,24.109999999999996,43.79654859218892,2,2022-03-24T14:04:00Z,139,139,-1.3109762999999999
HM,1899-12-31T13:18:00Z,RS388,151,151,0,1.3,0.21,0.18,0.56041666666666667,0.42,NA,NA,13:18:00,2022-03-24T13:18:00Z,3.38,59.3,40.22,55.92,36.84,2022-03-24,13:41,NA,9.15,-0.915,NA,Wet day 2,24 March 2022,low,wet,spore,19.08,19.08,34.12017167381974,2,2022-03-24T13:41:00Z,23,23,-0.8382191
HM,1899-12-31T13:28:00Z,RS531,84,110,26,1.46,0.11,0.16,0.56527777777777777,0.26,NA,NA,13:28:00,2022-03-24T13:28:00Z,3.39,63.45,37.37,60.06,33.98,2022-03-24,15:19,NA,21.45,-2.145,NA,Wet day 2,24 March 2022,low,wet,spore,26.080000000000005,26.080000000000005,43.42324342324343,2,2022-03-24T15:19:00Z,111,111,-1.7744487
HM,1899-12-31T13:38:00Z,RS499,86,86,0,1.64,0.19,0.08,0.57152777777777775,0.27,NA,NA,13:38:00,2022-03-24T13:38:00Z,3.37,66.58,41.68,63.21,38.31,2022-03-24,15:23,NA,12.99,-1.299,NA,Wet day 2,24 March 2022,low,wet,spore,24.9,24.9,39.392501186521116,2,2022-03-24T15:23:00Z,105,105,-0.9484784999999999
HM,1899-12-31T13:47:00Z,RS588,223,351,128,1.22,0.38,0.2,0.57847222222222217,0.59,NA,NA,13:47:00,2022-03-24T13:47:00Z,3.39,56.12,37.78,52.73,34.39,2022-03-24,15:31,NA,21.05,-2.105,NA,Wet day 2,24 March 2022,low,wet,spore,18.339999999999996,18.339999999999996,34.780959605537646,2,2022-03-24T15:31:00Z,104,104,-1.7578168
HM,1899-12-31T13:57:00Z,RS201,173,224,51,1.26,0.51,0.22,0.58680555555555558,0.75,NA,NA,13:57:00,2022-03-24T13:57:00Z,3.44,57.41,35.97,53.97,32.53,2022-03-24,15:36,NA,17.85,-1.785,NA,Wet day 2,24 March 2022,low,wet,spore,21.439999999999998,21.439999999999998,39.72577357791366,2,2022-03-24T15:36:00Z,99,99,-1.4545082999999999
HM,1899-12-31T14:09:00Z,RS546,134,150,16,1.06,0.4,0.28000000000000003,0.59375,0.67,NA,NA,14:09:00,2022-03-24T14:09:00Z,3.44,60.18,38.26,56.74,34.82,2022-03-24,15:42,NA,15.86,-1.586,NA,Wet day 2,24 March 2022,low,wet,spore,21.92,21.92,38.6323581247797,2,2022-03-24T15:42:00Z,93,93,-1.2755381000000001
HM,1899-12-31T14:21:00Z,RS573,111,136,25,1.1599999999999999,0.23,0.18,0.6020833333333333,0.42,NA,NA,14:21:00,2022-03-24T14:21:00Z,3.42,62.36,34.83,58.94,31.41,2022-03-24,15:49,NA,12.71,-1.271,NA,Wet day 2,24 March 2022,high,wet,spore,27.529999999999998,27.529999999999998,46.708517136070576,2,2022-03-24T15:49:00Z,88,88,-0.9772295999999998
HM,1899-12-31T14:32:00Z,RS099,157,157,0,1.56,0.26,0.22,0.61041666666666672,0.47,NA,NA,14:32:00,2022-03-24T14:32:00Z,3.44,58.02,38.3,54.58,34.86,2022-03-24,15.58,NA,15.91,-1.591,NA,Wet day 2,24 March 2022,high,wet,spore,19.72,19.72,36.13045071454745,2,2022-03-24T15:58:00Z,86,86,-1.3039062
HM,1899-12-31T14:43:00Z,RS143,161,161,0,1.18,0.28000000000000003,0.19,0.61805555555555558,0.49,NA,NA,14:43:00,2022-03-24T14:43:00Z,3.38,53.77,31.8,50.39,28.42,2022-03-24,16:08,NA,11.98,-1.198,NA,Wet day 2,24 March 2022,high,wet,NM,21.97,21.97,43.59992061917047,2,2022-03-24T16:08:00Z,85,85,-0.9142444999999999
HM,1899-12-31T14:55:00Z,RS319,176,176,0,1.62,0.28000000000000003,0.23,0.62638888888888888,0.53,NA,NA,14:55:00,2022-03-24T14:55:00Z,3.36,57.79,36.54,54.43,33.18,2022-03-24,16:14,NA,15.73,-1.573,NA,Wet day 2,24 March 2022,high,wet,NM,21.25,21.25,39.04097005327944,2,2022-03-24T16:14:00Z,79,79,-1.3092743
HM,1899-12-31T15:06:00Z,RS217,215,215,0,1.57,0.34,0.27,0.63402777777777775,0.63,NA,NA,15:06:00,2022-03-24T15:06:00Z,3.41,56.06,32.02,52.65,28.61,2022-03-24,16:58,NA,19.47,-1.947,NA,Wet day 2,24 March 2022,low,wet,NM,24.04,24.04,45.660018993352324,2,2022-03-24T16:58:00Z,112,112,-1.5731104
HM,1899-12-31T15:17:00Z,RS410,156,156,0,1.59,0.16,0.15,0.64027777777777783,0.32,NA,NA,15:17:00,2022-03-24T15:17:00Z,3.38,64.42,37.45,61.04,34.07,2022-03-24,17:05,NA,17.38,-1.738,NA,Wet day 2,24 March 2022,low,wet,NM,26.97,26.97,44.18414154652687,2,2022-03-24T17:05:00Z,108,108,-1.3774636
HM,1899-12-31T15:28:00Z,RS431,201,201,0,0.95,0.24,0.41,0.65,0.67,NA,NA,15:28:00,2022-03-24T15:28:00Z,3.39,56.47,34.17,53.08,30.78,2022-03-24,17:12,NA,6.13,-0.613,NA,Wet day 2,24 March 2022,high,wet,NM,22.299999999999997,22.299999999999997,42.0120572720422,2,2022-03-24T17:12:00Z,104,104,-0.26581679999999996
HM,1899-12-31T15:41:00Z,RS569,183,183,0,1,0.35,0.22,0.65763888888888888,0.61,NA,NA,15:41:00,2022-03-24T15:41:00Z,3.39,58.55,36.24,55.16,32.85,2022-03-24,17:17,NA,16.48,-1.648,NA,Wet day 2,24 March 2022,high,wet,NM,22.309999999999995,22.309999999999995,40.44597534445249,2,2022-03-24T17:17:00Z,96,96,-1.3275232
HM,1899-12-31T10:44:00Z,RS102,131,233,102,1,0.14000000000000001,0.2,0.45347222222222222,0.35,NA,NA,10:44:00,2022-03-25T10:44:00Z,3.34,39.33,36.41,35.99,33.07,2022-03-25,13:36,NA,34.13,-3.413,xylem wet,Dry day 3,25 March 2022,high,dry,spore,2.9200000000000017,2.9200000000000017,8.113364823562105,3,2022-03-25T13:36:00Z,172,172,-2.8388123999999997
HM,1899-12-31T11:09:00Z,RS508,73,132,59,1.08,0.09,0.06,0.4680555555555555,0.18,NA,NA,11:09:00,2022-03-25T11:09:00Z,3.34,36.83,34.64,33.49,31.3,2022-03-25,13:55,NA,28.6,-2.86,subtle,Dry day 3,25 March 2022,high,dry,spore,2.1900000000000013,2.1900000000000013,6.539265452373846,3,2022-03-25T13:55:00Z,166,166,-2.3058422
HM,1899-12-31T11:19:00Z,RS572,87,156,69,1.26,0.15,0.1,0.47638888888888892,0.24,NA,NA,11:19:00,2022-03-25T11:19:00Z,3.4,38.83,36.22,35.43,32.82,2022-03-25,14:02,NA,27.22,-2.722,part of xylem dark,Dry day 3,25 March 2022,high,dry,spore,2.6099999999999994,2.6099999999999994,7.366638441998305,3,2022-03-25T14:02:00Z,163,163,-2.1778570999999998
HM,1899-12-31T11:49:00Z,RS571,106,106,0,1.55,0.16,0.19,0.49652777777777773,0.34,NA,NA,11:49:00,2022-03-25T11:49:00Z,3.35,36.55,32.15,33.2,28.8,2022-03-25,14:36,NA,13.7,-1.37,very clear,Dry day 3,25 March 2022,high,dry,spore,4.400000000000002,4.400000000000002,13.253012048192778,3,2022-03-25T14:36:00Z,167,167,-0.8125039000000001
HM,1899-12-31T11:59:00Z,RS547,117,192,75,1.63,0.17,0.17,0.50416666666666665,0.35,NA,NA,11:59:00,2022-03-25T11:59:00Z,3.37,37.17,34.17,33.8,30.8,2022-03-25,14:40,NA,14.35,-1.435,pretty subtle,Dry day 3,25 March 2022,high,dry,spore,2.9999999999999964,2.9999999999999964,8.875739644970404,3,2022-03-25T14:40:00Z,161,161,-0.8975337
HM,1899-12-31T12:09:00Z,RS476,76,79,3,1.1599999999999999,0.11,0.1,0.51180555555555551,0.23,NA,NA,12:09:00,2022-03-25T12:09:00Z,3.41,40.68,36.75,37.27,33.34,2022-03-25,14:57,NA,27.01,-2.701,very clear,Dry day 3,25 March 2022,high,dry,spore,3.9299999999999997,3.9299999999999997,10.544674000536624,3,2022-03-25T14:57:00Z,168,168,-2.1401656
HM,1899-12-31T12:21:00Z,RS524,121,145,24,1.63,0.22,0.12,0.51944444444444449,0.36,NA,NA,12:21:00,2022-03-25T12:21:00Z,3.42,NA,34.3,NA,30.88,2022-03-25,15:52,NA,34.5,-3.45,pretty subtle,NA,NA,NA,NA,NA,NA,NA,NA,NA,2022-03-25T15:52:00Z,211,211,-2.7456187
HM,1899-12-31T12:32:00Z,RS494,88,88,0,1.45,0.13,0.11,0.52708333333333335,0.19,NA,NA,12:32:00,2022-03-25T12:32:00Z,3.42,36.94,33.5,33.52,30.08,2022-03-25,16:09,NA,20.58,-2.058,very clear,Dry day 3,25 March 2022,low,dry,spore,3.440000000000005,3.440000000000005,10.262529832935574,3,2022-03-25T16:09:00Z,217,217,-1.3335888999999996
HM,1899-12-31T12:54:00Z,RS178,162,302,140,1.31,0.15,0.15,0.54305555555555551,0.32,NA,NA,12:54:00,2022-03-25T12:54:00Z,3.36,40.85,38.63,37.49,35.27,2022-03-25,16:29,NA,15.3,-1.53,clear,Dry day 3,25 March 2022,low,dry,spore,2.219999999999999,2.219999999999999,5.921579087756731,3,2022-03-25T16:29:00Z,215,215,-0.8122655
HM,1899-12-31T13:59:00Z,RS512,109,110,1,1.37,0.14000000000000001,0.12,0.58888888888888891,0.28,NA,NA,13:59:00,2022-03-25T13:59:00Z,3.35,33.68,31.11,30.33,27.76,2022-03-25,17:03,NA,28.91,-2.891,"only part of xylem wet, subtle to > 50 bar",Dry day 3,25 March 2022,low,dry,spore,2.5699999999999967,2.5699999999999967,8.473458621826564,3,2022-03-25T17:03:00Z,184,184,-2.2767528
HM,1899-12-31T14:20:00Z,RS564,111,111,0,1.62,0.12,0.14000000000000001,0.60138888888888886,0.26,NA,NA,14:20:00,2022-03-25T14:20:00Z,3.36,36.12,32.77,32.76,29.41,2022-03-25,17:28,NA,33.45,-3.345,clear (initial minor color change at 7.98),Dry day 3,25 March 2022,low,dry,spore,3.349999999999998,3.349999999999998,10.22588522588522,3,2022-03-25T17:28:00Z,188,188,-2.7173996000000002
HM,1899-12-31T09:42:00Z,RS292,175,288,113,1.47,0.14000000000000001,0.21,0.40902777777777777,NA,NA,NA,09:42:00,2022-03-29T09:42:00Z,3.9,47.32,33.48,43.42,29.58,2022-03-29,13:38,NA,26.45,-2.645,very clear,Wet day 7,29 March 2022,high,wet,spore,13.840000000000003,13.840000000000003,31.874712114233077,7,2022-03-29T13:38:00Z,236,236,-1.8571612
HM,1899-12-31T09:54:00Z,RS582,231,377,146,1.41,0.33,0.37,0.41736111111111113,NA,NA,NA,09:54:00,2022-03-29T09:54:00Z,3.83,46.47,34.17,42.64,30.34,2022-03-29,13:48,NA,28.02,-2.802,very clear,Wet day 7,29 March 2022,high,wet,spore,12.3,12.3,28.84615384615385,7,2022-03-29T13:48:00Z,234,234,-2.0208378
HM,1899-12-31T10:14:00Z,RS052,82,86,4,1.24,0.19,0.15,0.43055555555555558,NA,NA,NA,10:14:00,2022-03-29T10:14:00Z,3.79,55.06,37.06,51.27,33.27,2022-03-29,14:08,NA,18.75,-1.875,very clear,Wet day 7,29 March 2022,high,wet,spore,18,18,35.108250438853126,7,2022-03-29T14:08:00Z,234,234,-1.0938378
HM,1899-12-31T10:23:00Z,RS285,120,120,0,1.69,0.3,0.22,0.43611111111111112,NA,NA,NA,10:23:00,2022-03-29T10:23:00Z,3.89,56.04,40.28,52.15,36.39,2022-03-29,14:21,NA,20.77,-2.077,very clear,Wet day 7,29 March 2022,high,wet,spore,15.759999999999998,15.759999999999998,30.22051773729626,7,2022-03-29T14:21:00Z,238,238,-1.2824845999999999
HM,1899-12-31T10:41:00Z,RS534,54,78,24,1.81,0.11,0.12,0.44861111111111113,NA,NA,NA,10:41:00,2022-03-29T10:41:00Z,3.92,50.41,32.57,46.49,28.65,2022-03-29,14:35,NA,30.8,-3.08,very clear,Wet day 7,29 March 2022,low,wet,spore,17.840000000000003,17.840000000000003,38.37384383738439,7,2022-03-29T14:35:00Z,234,234,-2.2988378000000003
HM,1899-12-31T10:49:00Z,RS206,222,356,134,1.76,0.38,0.4,0.45624999999999999,NA,NA,NA,10:49:00,2022-03-29T10:49:00Z,3.85,45.93,33.84,42.08,29.99,2022-03-29,14:47,NA,25.83,-2.583,very clear,Wet day 7,29 March 2022,low,wet,spore,12.09,12.09,28.730988593155892,7,2022-03-29T14:47:00Z,238,238,-1.7884846
HM,1899-12-31T11:00:00Z,RS599,182,326,144,1.46,0.3,0.26,0.46319444444444446,NA,NA,NA,11:00:00,2022-03-29T11:00:00Z,3.88,43.24,34.16,39.36,30.28,2022-03-29,14:55,NA,24.15,-2.415,very clear,Wet day 7,29 March 2022,low,wet,spore,9.079999999999998,9.079999999999998,23.069105691056908,7,2022-03-29T14:55:00Z,235,235,-1.6304995
HM,1899-12-31T11:11:00Z,RS493,131,295,164,1.66,0.31,0.27,0.47083333333333338,NA,NA,NA,11:11:00,2022-03-29T11:11:00Z,3.83,48.1,33.95,44.27,30.12,2022-03-29,15:01,NA,15.96,-1.596,very clear,Wet day 7,29 March 2022,low,wet,spore,14.150000000000002,14.150000000000002,31.962954596792414,7,2022-03-29T15:01:00Z,230,230,-0.828191
HM,1899-12-31T11:22:00Z,RS045,154,154,0,1.51,0.34,0.23,0.4777777777777778,NA,NA,NA,11:22:00,2022-03-29T11:22:00Z,3.91,47.14,33.45,43.23,29.54,2022-03-29,15:07,NA,16.29,-1.629,very clear,NA,NA,NA,NA,NA,13.689999999999998,13.689999999999998,31.667823270876706,NA,2022-03-29T15:07:00Z,225,225,-0.8778825
HM,1899-12-31T11:31:00Z,RS204,153,153,0,1.78,0.2,0.23,0.48402777777777778,NA,NA,NA,11:31:00,2022-03-29T11:31:00Z,3.81,50.14,35.93,46.33,32.12,2022-03-29,15:11,NA,19.07,-1.907,very clear,Wet day 7,29 March 2022,low,wet,NM,14.21,14.21,30.67127131448306,7,2022-03-29T15:11:00Z,220,220,-1.172574
HM,1899-12-31T11:40:00Z,RS311,243,243,0,1.74,0.26,0.3,0.4909722222222222,NA,NA,NA,11:40:00,2022-03-29T11:40:00Z,3.84,49.44,33.06,45.6,29.22,2022-03-29,15:35,NA,16.61,-1.661,very clear,Wet day 7,29 March 2022,high,wet,NM,16.380000000000003,16.380000000000003,35.92105263157895,7,2022-03-29T15:35:00Z,235,235,-0.8764995
HM,1899-12-31T11:50:00Z,RS454,182,182,0,1.44,0.26,0.21,0.49722222222222223,NA,NA,NA,11:50:00,2022-03-29T11:50:00Z,3.91,50.88,35.56,46.97,31.65,2022-03-29,15:32,NA,21.17,-2.117,very clear,Wet day 7,29 March 2022,low,wet,NM,15.32,15.32,32.61656376410475,7,2022-03-29T15:32:00Z,222,222,-1.3758974
HM,1899-12-31T12:00:00Z,RS414,139,139,0,1.82,0.19,0.27,0.50416666666666665,NA,NA,NA,12:00:00,2022-03-29T12:00:00Z,3.81,50.19,32.61,46.38,28.8,2022-03-29,15:21,NA,9.52,-0.952,very clear,Wet day 7,29 March 2022,high,wet,NM,17.580000000000002,17.580000000000002,37.904269081500644,7,2022-03-29T15:21:00Z,201,201,-0.2810016999999999
HM,1899-12-31T09:45:00Z,RS003,73,150,77,1.61,0.2,0.26,0.41111111111111109,0.38,NA,NA,09:45:00,2022-04-01T09:45:00Z,3.86,53.68,41.26,49.82,37.4,2022-04-01,13:01,1.832,NA,-1.832,very clear,Wet day 10,1 April 2022,low,wet,spore,12.420000000000002,12.420000000000002,24.929747089522284,10,2022-04-01T13:01:00Z,196,196,-1.1776932
HM,1899-12-31T09:55:00Z,RS343,181,181,0,1.82,0.28999999999999998,0.22,0.41805555555555557,0.5,NA,NA,09:55:00,2022-04-01T09:55:00Z,3.93,48.16,35.5,44.23,31.57,2022-04-01,12:57,2.023,NA,-2.023,very clear,Wet day 10,1 April 2022,low,wet,spore,12.659999999999997,12.659999999999997,28.623106488808496,10,2022-04-01T12:57:00Z,182,182,-1.4154294
HM,1899-12-31T10:03:00Z,RS272,49,215,166,1.44,0.22,0.28000000000000003,0.42499999999999999,0.51,NA,NA,10:03:00,2022-04-01T10:03:00Z,3.85,42.22,31.63,38.37,27.78,2022-04-01,12:51,1.773,NA,-1.773,very clear,Wet day 10,1 April 2022,low,wet,spore,10.589999999999996,10.589999999999996,27.59968725566848,10,2022-04-01T12:51:00Z,168,168,-1.2121655999999998
HM,1899-12-31T10:14:00Z,RS382,75,197,122,1.44,0.35,0.26,0.43125000000000002,0.58,NA,NA,10:14:00,2022-04-01T10:14:00Z,3.91,52.44,38.97,48.53,35.06,2022-04-01,12:42,1.766,NA,-1.766,very clear,Dry day 7,22 March 2022,high,dry,NM,13.469999999999999,13.469999999999999,27.756027199670303,7,2022-04-01T12:42:00Z,148,148,-1.2719316
HM,1899-12-31T10:24:00Z,RS166,146,146,0,1.33,0.21,0.25,0.4375,0.46,NA,NA,10:24:00,2022-04-01T10:24:00Z,3.89,52.31,36.9,48.42,33.01,2022-04-01,12:38,1.005,NA,-1.005,very clear,Wet day 10,1 April 2022,low,wet,spore,15.410000000000004,15.410000000000004,31.82569186286659,10,2022-04-01T12:38:00Z,134,134,-0.5576677999999999
HM,1899-12-31T10:39:00Z,RS590,54,182,128,1.47,0.2,0.19,0.44722222222222224,0.42,NA,NA,10:39:00,2022-04-01T10:39:00Z,3.92,52.36,40.02,48.44,36.1,2022-04-01,12:31,2.005,NA,-2.005,very clear,Wet day 10,1 April 2022,low,wet,spore,12.339999999999996,12.339999999999996,25.474814203137896,10,2022-04-01T12:31:00Z,112,112,-1.6311103999999998
HM,1899-12-31T10:48:00Z,RS489,52,197,145,1.63,0.17,0.32,0.45416666666666666,0.49,NA,NA,10:48:00,2022-04-01T10:48:00Z,3.83,43.24,34.87,39.41,31.04,2022-04-01,12:20,1.693,NA,-1.693,very clear,Wet day 10,1 April 2022,low,wet,spore,8.369999999999997,8.369999999999997,21.238264399898497,10,2022-04-01T12:20:00Z,92,92,-1.3858764000000001
HM,1899-12-31T10:57:00Z,RS017,68,224,156,1.66,0.32,0.17,0.46041666666666664,0.49,NA,NA,10:57:00,2022-04-01T10:57:00Z,3.9,50.21,35.62,46.31,31.72,2022-04-01,12:13,1.195,NA,-1.195,very clear,Wet day 10,1 April 2022,low,wet,spore,14.590000000000003,14.590000000000003,31.505074497948616,10,2022-04-01T12:13:00Z,76,76,-0.9412892
HM,1899-12-31T11:07:00Z,RS585,42,210,168,1.99,0.24,0.37,0.46805555555555556,0.49,NA,NA,11:07:00,2022-04-01T11:07:00Z,3.85,48.43,31.84,44.58,27.99,2022-04-01,11:53,0.945,NA,-0.945,very clear,Wet day 7 part B,1 April 2022,low,wet,spore,16.59,16.59,37.21399730820996,7,2022-04-01T11:53:00Z,46,46,-0.7914382
HM,1899-12-31T11:30:00Z,RS220,136,136,0,1.91,0.11,0.28999999999999998,0.48472222222222222,0.38,NA,NA,11:30:00,2022-04-01T11:30:00Z,3.84,58.81,41.99,54.97,38.15,2022-04-01,11:49,1.205,NA,-1.205,very clear,Wet day 7 part B,1 April 2022,low,wet,spore,16.82,16.82,30.598508277242132,7,2022-04-01T11:49:00Z,19,19,-1.1415723
HM,1899-12-31T11:41:00Z,RS146,85,148,63,1.61,0.23,0.23,0.4909722222222222,0.45,NA,NA,11:41:00,2022-04-01T11:41:00Z,3.91,49.99,36.47,46.08,32.56,2022-04-01,15:19,1.798,NA,-1.798,very clear,Wet day 10,1 April 2022,high,wet,spore,13.519999999999996,13.519999999999996,29.340277777777768,10,2022-04-01T15:19:00Z,218,218,-1.0702506
HM,1899-12-31T11:52:00Z,RS416,61,86,25,1.42,0.26,0.23,0.5,0.46,NA,NA,11:52:00,2022-04-01T11:52:00Z,3.86,49.59,37.31,45.73,33.45,2022-04-01,15:15,1.22,NA,-1.22,very clear,Wet day 10,1 April 2022,high,wet,spore,12.279999999999994,12.279999999999994,26.853269188716368,10,2022-04-01T15:15:00Z,203,203,-0.5423250999999999
HM,1899-12-31T12:11:00Z,RS467,80,140,60,1.73,0.3,0.2,0.51249999999999996,0.51,NA,NA,12:11:00,2022-04-01T12:11:00Z,3.9,44.61,33.2,40.71,29.3,2022-04-01,15:08,1.45,NA,-1.45,very clear,Wet day 10,1 April 2022,high,wet,spore,11.41,11.41,28.027511667894867,10,2022-04-01T15:08:00Z,177,177,-0.8591209
HM,1899-12-31T12:54:00Z,RS521,128,128,0,1.54,0.16,0.32,0.54166666666666663,0.51,NA,NA,12:54:00,2022-04-01T12:54:00Z,3.85,48,35.7,44.15,31.85,2022-04-01,14:56,1.11,NA,-1.11,very clear,Wet day 10,1 April 2022,high,wet,spore,12.299999999999997,12.299999999999997,27.859569648924115,10,2022-04-01T14:56:00Z,122,122,-0.7027274000000001
HM,1899-12-31T13:03:00Z,RS029,31,201,170,1.35,0.28000000000000003,0.36,0.54861111111111116,0.69,NA,NA,13:03:00,2022-04-01T13:03:00Z,3.92,47.15,37.49,43.23,33.57,2022-04-01,14:53,1.713,NA,-1.713,very clear,NA,NA,NA,NA,NA,9.659999999999997,9.659999999999997,22.345593337959745,NA,2022-04-01T14:53:00Z,110,110,-1.345787
IM,1899-12-31T15:38:00Z,RS324,"NA","NA","NA",1.65,0.32,0.32,0.65555555555555556,NA,NA,NA,15:38:00,2022-03-24T15:38:00Z,3.42,57.28,32.48,53.86,29.06,2022-03-24,17:16,NA,8.17,-0.817,NA,Wet day 2,24 March 2022,low,wet,NM,24.8,24.8,46.04530263646491,2,2022-03-24T17:16:00Z,98,98,-0.4898465999999999
IM,1899-12-31T15:51:00Z,RS576,81,235,154,1.27,0.2,0.26,0.67361111111111116,NA,NA,NA,15:51:00,2022-03-24T15:51:00Z,3.42,41.06,34.15,37.64,30.73,2022-03-24,17:22,NA,14.03,-1.403,NA,NA,NA,low,dry,NA,6.91,6.91,18.358129649309245,NA,2022-03-24T17:22:00Z,91,91,-1.0992147
IM,1899-12-31T09:33:00Z,RS10,"NA","NA","NA",1.07,0.16,0.41,0.40625,NA,NA,NA,09:33:00,2022-03-24T09:33:00Z,NA,NA,NA,NA,NA,2022-03-24,11:11,NA,9.78,-0.978,NA,NA,NA,NA,NA,NA,NA,NA,NA,NA,2022-03-24T11:11:00Z,98,98,-0.6508465999999999
IM,1899-12-31T09:57:00Z,RS261,39,158,119,1.6,0.3,0.22,0.42708333333333331,NA,NA,NA,09:57:00,2022-03-24T09:57:00Z,3.37,54.71,36.58,51.34,33.21,2022-03-24,11:11,NA,17.5,-1.75,NA,Wet day 2,24 March 2022,high,wet,spore,18.130000000000003,18.130000000000003,35.31359563693027,2,2022-03-24T11:11:00Z,74,74,-1.5029658
IM,1899-12-31T10:26:00Z,RS568,"NA","NA","NA",1.35,0.4,0.31,0.43958333333333338,NA,NA,NA,10:26:00,2022-03-24T10:26:00Z,3.34,58.85,34.47,55.51,31.13,2022-03-24,11:28,NA,9.47,-0.947,NA,Wet day 2,24 March 2022,high,wet,NM,24.38,24.38,43.92001441181769,2,2022-03-24T11:28:00Z,62,62,-0.7400253999999999
IM,1899-12-31T10:37:00Z,RS011,99,239,140,1.69,0.32,0.32,0.45694444444444443,NA,NA,NA,10:37:00,2022-03-24T10:37:00Z,3.37,61.14,39.95,57.77,36.58,2022-03-24,14:51,NA,17.11,-1.711,NA,Wet day 2,24 March 2022,high,wet,spore,21.190000000000005,21.190000000000005,36.67993768391899,2,2022-03-24T14:51:00Z,254,254,-0.86307180000000006
IM,1899-12-31T11:06:00Z,RS370,"NA","NA","NA",1.6,0.28999999999999998,0.24,0.46666666666666662,NA,NA,NA,11:06:00,2022-03-24T11:06:00Z,3.37,64.47,39.51,61.1,36.14,2022-03-24,14:35,NA,23.54,-2.354,NA,Wet day 2,24 March 2022,high,wet,spore,24.96,24.96,40.85106382978723,2,2022-03-24T14:35:00Z,209,209,-1.6562953
IM,1899-12-31T11:18:00Z,RS250,"NA","NA","NA",1.73,0.28999999999999998,0.45,0.4777777777777778,NA,NA,NA,11:18:00,2022-03-24T11:18:00Z,3.44,3.71,38.25,0.27,34.81,2022-03-24,14:25,NA,19.07,-1.907,NA,Wet day 2,24 March 2022,low,wet,NM,-34.54,0,0,2,2022-03-24T14:25:00Z,187,187,-1.2827378999999999
IM,1899-12-31T11:33:00Z,RS358,"NA","NA","NA",1.75,0.37,0.36,0.48541666666666666,NA,NA,NA,11:33:00,2022-03-24T11:33:00Z,3.37,67.18,41.99,63.81,38.62,2022-03-24,14:13,NA,16.15,-1.615,NA,Wet day 2,24 March 2022,low,wet,NM,25.190000000000005,25.190000000000005,39.476571070365154,2,2022-03-24T14:13:00Z,160,160,-1.0808719999999998
IM,1899-12-31T11:47:00Z,RS297,"NA","NA","NA",1.35,0.27,0.39,0.49583333333333335,NA,NA,NA,11:47:00,2022-03-24T11:47:00Z,3.39,59.24,35.02,55.85,31.63,2022-03-24,13:58,NA,12.55,-1.255,NA,Wet day 2,24 March 2022,low,wet,NM,24.220000000000002,24.220000000000002,43.36615935541629,2,2022-03-24T13:58:00Z,131,131,-0.8176826999999999
IM,1899-12-31T13:41:00Z,RS552,114,141,27,1.3,0.16,0.16,0.57986111111111105,NA,NA,NA,13:41:00,2022-03-24T13:41:00Z,3.44,59.34,39.12,55.9,35.68,2022-03-24,15:28,NA,15.35,-1.535,NA,Wet day 2,24 March 2022,low,wet,spore,20.22,20.22,36.17173524150268,2,2022-03-24T15:28:00Z,107,107,-1.1778019
IM,1899-12-31T13:56:00Z,RS207,"NA","NA","NA",1.44,0.37,0.27,0.59097222222222223,NA,NA,NA,13:56:00,2022-03-24T13:56:00Z,3.36,58.8,36.45,55.44,33.09,2022-03-24,15.34,NA,5.92,-0.592,NA,Wet day 2,24 March 2022,low,wet,spore,22.349999999999994,22.349999999999994,40.313852813852805,2,2022-03-24T15:34:00Z,98,98,-0.26484659999999993
IM,1899-12-31T14:15:00Z,RS554,"NA","NA","NA",1.27,0.33,0.54,0.59861111111111109,NA,NA,NA,14:15:00,2022-03-24T14:15:00Z,3.38,62.6,38.41,59.22,35.03,2022-03-24,15:46,NA,10.87,-1.087,NA,Wet day 2,24 March 2022,high,wet,spore,24.189999999999998,24.189999999999998,40.84768659236744,2,2022-03-24T15:46:00Z,91,91,-0.7832146999999999
IM,1899-12-31T14:25:00Z,RS367,20,148,128,1.55,0.28999999999999998,0.44,0.60972222222222217,NA,NA,NA,14:25:00,2022-03-24T14:25:00Z,3.41,57.96,38.61,54.55,35.2,2022-03-24,15:53,NA,21.99,-2.199,NA,Wet day 2,24 March 2022,high,wet,spore,19.349999999999994,19.349999999999994,35.47204399633363,2,2022-03-24T15:53:00Z,88,88,-1.9052295999999997
IM,1899-12-31T14:41:00Z,RS536,28,128,100,1.62,0.28999999999999998,0.3,0.62083333333333335,NA,NA,NA,14:41:00,2022-03-24T14:41:00Z,3.39,57.48,35.78,54.09,32.39,2022-03-24,16:06,NA,11.52,-1.152,NA,Wet day 2,24 March 2022,high,wet,spore,21.700000000000003,21.700000000000003,40.118321316324646,2,2022-03-24T16:06:00Z,85,85,-0.8682444999999999
IM,1899-12-31T15:03:00Z,RS057,"NA","NA","NA",1.97,0.27,0.39,0.63263888888888886,NA,NA,NA,15:03:00,2022-03-24T15:03:00Z,3.36,56.61,34.1,53.25,30.74,2022-03-24,16:50,NA,11.11,-1.111,NA,Wet day 2,24 March 2022,low,wet,NM,22.51,22.51,42.27230046948357,2,2022-03-24T16:50:00Z,107,107,-0.7538019
IM,1899-12-31T15:14:00Z,RS229,"NA","NA","NA",1.84,0.23,0.2,0.64097222222222217,NA,NA,NA,15:14:00,2022-03-24T15:14:00Z,3.43,57.79,36.75,54.36,33.32,2022-03-24,16:54,NA,17.41,-1.741,NA,Wet day 2,24 March 2022,low,wet,NM,21.04,21.04,38.704930095658575,2,2022-03-24T16:54:00Z,100,100,-1.40717
IM,1899-12-31T15:24:00Z,RS295,"NA","NA","NA",1.75,0.62,0.46,0.6479166666666667,NA,NA,NA,15:24:00,2022-03-24T15:24:00Z,3.42,54.68,33.33,51.26,29.91,2022-03-24,17:11,NA,12.47,-1.247,NA,Wet day 2,24 March 2022,low,wet,NM,21.349999999999998,21.349999999999998,41.65040967616075,2,2022-03-24T17:11:00Z,107,107,-0.8898019000000001
IM,1899-12-31T10:21:00Z,RS535,459,465,6,1.51,0.22,0.16,0.44791666666666669,NA,NA,NA,10:21:00,2022-03-25T10:21:00Z,3.91,38.33,34.77,34.42,30.86,2022-03-25,13:25,NA,16.95,-1.695,"xylem unambiguously dark (only part of it, though)",Dry day 3,25 March 2022,high,dry,spore,3.5600000000000023,3.5600000000000023,10.342823939570025,3,2022-03-25T13:25:00Z,184,184,-1.0807528
IM,1899-12-31T10:49:00Z,RS357,"NA","NA","NA",1.1100000000000001,0.25,0.16,0.45624999999999999,NA,NA,NA,10:49:00,2022-03-25T10:49:00Z,3.93,40.16,36.85,36.23,32.92,2022-03-25,13:41,NA,26.34,-2.634,pretty subtle,Dry day 3,25 March 2022,high,dry,NM,3.309999999999995,3.309999999999995,9.136075075903936,3,2022-03-25T13:41:00Z,172,172,-2.0598123999999998
IM,1899-12-31T11:01:00Z,RS373,347,349,2,1.77,0.13,0.32,0.47291666666666665,NA,NA,NA,11:01:00,2022-03-25T11:01:00Z,3.88,42.46,38.97,38.58,35.09,2022-03-25,13:52,NA,13.73,-1.373,clear,Dry day 3,25 March 2022,high,dry,spore,3.489999999999995,3.489999999999995,9.046137895282518,3,2022-03-25T13:52:00Z,171,171,-0.8021507
IM,1899-12-31T11:30:00Z,RS393,"NA","NA","NA",1.3,0.24,0.21,0.48333333333333334,NA,NA,NA,11:30:00,2022-03-25T11:30:00Z,3.88,41.91,37.47,38.03,33.59,2022-03-25,14:10,NA,17.05,-1.705,very clear,Dry day 3,25 March 2022,high,dry,NM,4.439999999999998,4.439999999999998,11.674993426242434,3,2022-03-25T14:10:00Z,160,160,-1.1708720000000001
IM,1899-12-31T11:47:00Z,RS248,36,143,107,1.68,0.15,0.11,0.5,NA,NA,NA,11:47:00,2022-03-25T11:47:00Z,3.87,38.48,35.43,34.61,31.56,2022-03-25,14:31,NA,33.4,-3.34,"not super clear, only a few patches on xylem wet",Dry day 3,25 March 2022,low,dry,spore,3.0500000000000007,3.0500000000000007,8.812481941635369,3,2022-03-25T14:31:00Z,164,164,-2.7925188
IM,1899-12-31T12:04:00Z,RS361,"NA","NA","NA",1.37,0.17,0.21,0.50763888888888886,NA,NA,NA,12:04:00,2022-03-25T12:04:00Z,3.88,41.03,35.15,37.15,31.27,2022-03-25,14:51,NA,10.89,-1.089,very clear,Dry day 3,25 March 2022,high,dry,NM,5.879999999999999,5.879999999999999,15.827725437415879,3,2022-03-25T14:51:00Z,167,167,-0.5315038999999999
IM,1899-12-31T12:16:00Z,RS530,205,263,58,1.67,0.16,0.19,0.52083333333333337,NA,NA,NA,12:16:00,2022-03-25T12:16:00Z,3.89,37.35,33.97,33.46,30.08,2022-03-25,15:02,NA,17.55,-1.755,very clear,Dry day 3,25 March 2022,low,dry,spore,3.3800000000000026,3.3800000000000026,10.101613867304252,3,2022-03-25T15:02:00Z,166,166,-1.2008421999999999
IM,1899-12-31T13:11:00Z,RS366,"NA","NA","NA",1.4,0.23,0.24,0.5541666666666667,NA,NA,NA,13:11:00,2022-03-25T13:11:00Z,3.86,39.23,35.35,35.37,31.49,2022-03-25,16:33,NA,20.79,-2.079,clear,Dry day 3,25 March 2022,high,dry,NM,3.879999999999999,3.879999999999999,10.969748374328525,3,2022-03-25T16:33:00Z,202,202,-1.4046634
IM,1899-12-31T13:21:00Z,RS389,"NA","NA","NA",1.25,0.13,0.13,0.55972222222222223,NA,NA,NA,13:21:00,2022-03-25T13:21:00Z,3.89,36.81,33.01,32.92,29.12,2022-03-25,16:37,NA,23.7,-2.37,clear,Dry day 3,25 March 2022,high,dry,NM,3.8000000000000007,3.8000000000000007,11.543134872417985,3,2022-03-25T16:37:00Z,196,196,-1.7156932
IM,1899-12-31T13:29:00Z,RS419,"NA","NA","NA",1.25,0.14000000000000001,0.1,0.56597222222222221,NA,NA,NA,13:29:00,2022-03-25T13:29:00Z,3.92,39.45,35.59,35.53,31.67,2022-03-25,16:41,NA,32.97,-3.297,clear,Dry day 3,25 March 2022,high,dry,NM,3.8599999999999994,3.8599999999999994,10.864058542077117,3,2022-03-25T16:41:00Z,192,192,-2.6560464
IM,1899-12-31T13:38:00Z,RS073,"NA","NA","NA",1.83,0.12,0.16,0.57152777777777775,NA,NA,NA,13:38:00,2022-03-25T13:38:00Z,3.89,38,35.11,34.11,31.22,2022-03-25,16:50,NA,20.23,-2.023,very clear,Dry day 3,25 March 2022,high,dry,NM,2.8900000000000006,2.8900000000000006,8.47258868367048,3,2022-03-25T16:50:00Z,192,192,-1.3820464000000001
IM,1899-12-31T13:46:00Z,RS147,"NA","NA","NA",1.67,0.19,0.14000000000000001,0.57777777777777783,NA,NA,NA,13:46:00,2022-03-25T13:46:00Z,3.9,41.9,37.7,38,33.8,2022-03-25,16:58,NA,22.32,-2.232,very clear,Dry day 3,25 March 2022,high,dry,NM,4.200000000000003,4.200000000000003,11.052631578947377,3,2022-03-25T16:58:00Z,192,192,-1.5910464000000002
IM,1899-12-31T13:55:00Z,RS056,"NA","NA","NA",1.1000000000000001,0.22,0.12,0.5854166666666667,NA,NA,NA,13:55:00,2022-03-25T13:55:00Z,3.89,37.91,34.28,34.02,30.39,2022-03-25,17:02,NA,15.95,-1.595,very clear,Dry day 3,25 March 2022,high,dry,NM,3.6300000000000026,3.6300000000000026,10.670194003527342,3,2022-03-25T17:02:00Z,187,187,-0.9707378999999999
IM,1899-12-31T14:15:00Z,RS456,"NA","NA","NA",1.58,0.23,0.21,0.59930555555555554,NA,NA,NA,14:15:00,2022-03-25T14:15:00Z,3.87,37.76,34.41,33.89,30.54,2022-03-25,17:25,NA,22.25,-2.225,clear,Dry day 3,25 March 2022,low,dry,spore,3.3500000000000014,3.3500000000000014,9.884921805842435,3,2022-03-25T17:25:00Z,190,190,-1.590723
LB,1899-12-31T16:44:00Z,RS194,"NA","NA","NA",NA,NA,NA,0.70277777777777783,0.36,NA,NA,16:44:00,2022-03-22T16:44:00Z,3.28,46.16,37.89,42.88,34.61,2022-03-22,18:41,NA,9.25,-0.925,NA,Dry day 7,22 March 2022,low,intermed,NM,8.270000000000003,8.270000000000003,19.286380597014933,7,2022-03-22T18:41:00Z,117,117,-0.5344189
LB,1899-12-31T16:57:00Z,RS226,"NA","NA","NA",NA,NA,NA,0.71111111111111114,0.46,NA,NA,16:57:00,2022-03-22T16:57:00Z,3.34,44.34,37.35,41,34.01,2022-03-22,18:36,NA,11.45,-1.145,NA,Dry day 7,22 March 2022,low,intermed,NM,6.990000000000002,6.990000000000002,17.048780487804883,7,2022-03-22T18:36:00Z,99,99,-0.8145083
LB,1899-12-31T12:31:00Z,RS123,116,317,201,NA,NA,NA,0.5395833333333333,0.54,mildly chlorotic,NA,12:31:00,2022-03-22T12:31:00Z,NA,NA,NA,NA,NA,2022-03-22,13:48,NA,20.57,-2.057,NA,Dry day 7,22 March 2022,low,intermed,spore,NA,NA,NA,7,2022-03-22T13:48:00Z,77,77,-1.7999508999999998
LB,1899-12-31T10:54:00Z,RS542,36,139,103,NA,NA,NA,0.47083333333333338,0.49,NA,NA,10:54:00,2022-03-23T10:54:00Z,3.27,38.6,33.18,35.33,29.91,2022-03-23,15:33,NA,17.95,-1.795,NA,Dry day 1,23 March 2022,high,dry,spore,5.419999999999998,5.419999999999998,15.34106991225587,1,2022-03-23T15:33:00Z,279,279,-0.8636142999999998
LB,1899-12-31T10:30:00Z,RS468,151,247,96,1.79,"NA",0.4,0.46666666666666662,NA,mysterious non-suillus hyphae,NA,10:30:00,2022-03-25T10:30:00Z,3.84,35.01,32.27,31.17,28.43,2022-03-25,13:29,NA,24.34,-2.434,xylem dark,Dry day 3,25 March 2022,low,dry,spore,2.740000000000002,2.740000000000002,8.790503689444986,3,2022-03-25T13:29:00Z,179,179,-1.8364443000000001
LB,1899-12-31T09:55:00Z,RS470,234,234,0,1.21,0.18,0.16,0.42569444444444443,NA,NA,NA,09:55:00,2022-03-29T09:55:00Z,3.85,53.55,37.65,49.7,33.8,2022-03-29,13:54,NA,15,-1.5,very clear,Wet day 7,29 March 2022,low,wet,spore,15.900000000000006,15.900000000000006,31.991951710261578,7,2022-03-29T13:54:00Z,239,239,-0.7021463
LB,1899-12-31T10:15:00Z,RS392,"NA","NA","NA",1.71,0.2,0.19,0.43888888888888888,NA,NA,NA,10:15:00,2022-03-29T10:15:00Z,3.9,55.79,37.44,51.89,33.54,2022-03-29,14:15,NA,14.92,-1.492,very clear,Wet day 7,29 March 2022,low,wet,NM,18.35,18.35,35.36326845249567,7,2022-03-29T14:15:00Z,240,240,-0.690808
LB,1899-12-31T10:46:00Z,RS200,"NA","NA","NA",1.37,0.3,0.27,0.45763888888888887,NA,NA,NA,10:46:00,2022-03-29T10:46:00Z,3.81,52.58,37.01,48.77,33.2,2022-03-29,14:40,NA,12.91,-1.291,very clear,Wet day 7,29 March 2022,low,wet,NM,15.57,15.57,31.925363953249946,7,2022-03-29T14:40:00Z,234,234,-0.5098377999999999
LB,1899-12-31T11:08:00Z,RS318,"NA","NA","NA",1.74,0.37,0.31,0.47152777777777777,NA,NA,NA,11:08:00,2022-03-29T11:08:00Z,3.9,52.27,37.46,48.37,33.56,2022-03-29,14:58,NA,11.18,-1.118,very clear,Wet day 7,29 March 2022,high,wet,NM,14.809999999999995,14.809999999999995,30.618151746950577,7,2022-03-29T14:58:00Z,230,230,-0.35019100000000003
LB,1899-12-31T11:32:00Z,RS066,"NA","NA","NA",1.71,0.3,0.22,0.48958333333333331,NA,NA,NA,11:32:00,2022-03-29T11:32:00Z,3.8,50.51,35.33,46.71,31.53,2022-03-29,15:42,NA,16.22,-1.622,very clear,Wet day 7,29 March 2022,low,wet,NM,15.18,15.18,32.49839434810533,7,2022-03-29T15:42:00Z,250,250,-0.787425
LB,1899-12-31T11:52:00Z,RS404,"NA","NA","NA",1.7,0.15,0.18,0.50208333333333333,NA,NA,NA,11:52:00,2022-03-29T11:52:00Z,3.87,31.55,37.02,27.68,33.15,2022-03-29,15:24,NA,14.24,-1.424,very clear,Dry day 7,22 March 2022,high,dry,NM,-5.469999999999999,0,0,7,2022-03-29T15:24:00Z,212,212,-0.7162803999999999
LB,1899-12-31T12:10:00Z,RS486,"NA","NA","NA",1.86,0.21,0.2,0.51736111111111105,NA,NA,NA,12:10:00,2022-03-29T12:10:00Z,3.82,52.14,36.68,48.32,32.86,2022-03-29,15:15,NA,14.62,-1.462,very clear,Wet day 7,29 March 2022,low,wet,NM,15.46,15.46,31.99503311258278,7,2022-03-29T15:15:00Z,185,185,-0.8444145
LB,1899-12-31T10:07:00Z,RS368,"NA","NA","NA",1.61,0.19,0.22,0.42986111111111114,NA,NA,NA,10:07:00,2022-04-01T10:07:00Z,3.82,50.31,36.45,46.49,32.63,2022-04-01,12:48,1.03,NA,-1.03,very clear,Wet day 10,1 April 2022,low,wet,NM,13.86,13.86,29.812862981286298,10,2022-04-01T12:48:00Z,161,161,-0.49253369999999996
LB,1899-12-31T10:27:00Z,RS293,"NA","NA","NA",1.46,0.28999999999999998,0.27,0.44097222222222221,NA,NA,NA,10:27:00,2022-04-01T10:27:00Z,3.81,45.23,32.25,41.42,28.44,2022-04-01,12:35,1.263,NA,-1.263,very clear,Wet day 10,1 April 2022,high,wet,NM,12.98,12.98,31.33751810719459,10,2022-04-01T12:35:00Z,128,128,-0.8356975999999998
LB,1899-12-31T11:04:00Z,RS446,"NA","NA","NA",1.4,0.2,0.18,0.46875,NA,frozen time approximate,NA,11:04:00,2022-04-01T11:04:00Z,3.86,NA,37.5,NA,33.64,2022-04-01,12:09,1.338,NA,-1.338,very clear,Wet day 10,1 April 2022,low,wet,NM,NA,NA,NA,10,2022-04-01T12:09:00Z,65,65,-1.1210105000000001
LB,1899-12-31T11:18:00Z,RS244,"NA","NA","NA",1.96,0.13,0.19,0.47847222222222224,NA,NA,NA,11:18:00,2022-04-01T11:18:00Z,3.91,47.59,35.57,43.68,31.66,2022-04-01,11:57,1.167,NA,-1.167,very clear,Wet day 10,1 April 2022,low,wet,NM,12.02,12.02,27.518315018315015,10,2022-04-01T11:57:00Z,39,39,-1.0368063
MH,1899-12-31T15:23:00Z,RS287,"NA","NA","NA",1.42,0.22,0.25,0.64513888888888882,NA,NA,NA,15:23:00,2022-03-24T15:23:00Z,3.4,54.69,30.51,51.29,27.11,2022-03-24,17:08,NA,9.48,-0.948,NA,Wet day 2,24 March 2022,low,wet,NM,24.18,24.18,47.14369272762722,2,2022-03-24T17:08:00Z,105,105,-0.5974784999999999
MH,1899-12-31T15:38:00Z,RS213,"NA","NA","NA",1.76,0.11,0.14000000000000001,0.65486111111111112,NA,NA,NA,15:38:00,2022-03-24T15:38:00Z,3.42,57.81,35.92,54.39,32.5,2022-03-24,17:13,NA,17.38,-1.738,NA,Wet day 2,24 March 2022,high,wet,NM,21.89,21.89,40.24636881779739,2,2022-03-24T17:13:00Z,95,95,-1.4208615
MH,1899-12-31T15:48:00Z,RS461,"NA","NA","NA",1.67,0.14000000000000001,0.43,0.66319444444444442,NA,NA,NA,15:48:00,2022-03-24T15:48:00Z,3.4,51.9,32.84,48.5,29.44,2022-03-24,17:20,NA,12.69,-1.269,NA,Wet day 2,24 March 2022,high,wet,NM,19.06,19.06,39.298969072164944,2,2022-03-24T17:20:00Z,92,92,-0.9618764
MH,1899-12-31T09:35:00Z,RS566,37,77,40,2.06,0.28000000000000003,0.25,0.41388888888888892,NA,NA,NA,09:35:00,2022-03-24T09:35:00Z,3.41,56.91,34.35,53.5,30.94,2022-03-24,10:53,NA,13.02,-1.302,NA,Wet day 2,24 March 2022,high,wet,spore,22.56,22.56,42.168224299065415,2,2022-03-24T10:53:00Z,78,78,-1.0416126000000001
MH,1899-12-31T10:03:00Z,RS243,"NA","NA","NA",1.69,0.2,0.35,0.42291666666666666,NA,NA,NA,10:03:00,2022-03-24T10:03:00Z,3.24,56.38,34.63,53.14,31.39,2022-03-24,11:14,NA,14.07,-1.407,NA,Wet day 2,24 March 2022,high,wet,NM,21.75,21.75,40.929619872036135,2,2022-03-24T11:14:00Z,71,71,-1.1699807
MH,1899-12-31T10:17:00Z,RS168,39,91,52,1.81,0.22,0.17,0.43958333333333338,NA,NA,NA,10:17:00,2022-03-24T10:17:00Z,3.33,57.8,35.82,54.47,32.49,2022-03-24,11:22,NA,12.12,-1.212,NA,Wet day 2,24 March 2022,high,wet,spore,21.979999999999997,21.979999999999997,40.352487607857526,2,2022-03-24T11:22:00Z,65,65,-0.9950105
MH,1899-12-31T10:37:00Z,RS018,"NA","NA","NA",1.83,0.17,0.34,0.44722222222222219,NA,NA,NA,10:37:00,2022-03-24T10:37:00Z,3.37,56.23,32.94,52.86,29.57,2022-03-24,14:55,NA,13,-1.3,NA,Wet day 2,24 March 2022,high,wet,NM,23.29,23.29,44.05978055240257,2,2022-03-24T14:55:00Z,258,258,-0.43871859999999996
MH,1899-12-31T10:50:00Z,RS075,66,136,70,1.27,0.38,0.24,0.46527777777777773,NA,NA,NA,10:50:00,2022-03-24T10:50:00Z,3.37,46.13,30.17,42.76,26.8,2022-03-24,14:44,NA,15.82,-1.582,NA,Wet day 2,24 March 2022,high,wet,spore,15.959999999999997,15.959999999999997,37.3246024321796,2,2022-03-24T14:44:00Z,234,234,-0.8008378
MH,1899-12-31T11:14:00Z,RS151,"NA","NA","NA",1.49,0.33,0.34,0.47152777777777777,NA,NA,NA,11:14:00,2022-03-24T11:14:00Z,3.4,62.13,38.82,58.73,35.42,2022-03-24,14:32,NA,12.9,-1.29,NA,Wet day 2,24 March 2022,high,wet,NM,23.309999999999995,23.309999999999995,39.69010727056018,2,2022-03-24T14:32:00Z,198,198,-0.6290166
MH,1899-12-31T11:24:00Z,RS313,"NA","NA","NA",2,0.34,0.32,0.47916666666666669,NA,NA,NA,11:24:00,2022-03-24T11:24:00Z,3.39,58.95,36.24,55.56,32.85,2022-03-24,14:19,NA,14.63,-1.463,NA,Wet day 2,24 March 2022,high,wet,NM,22.71,22.71,40.87473002159827,2,2022-03-24T14:19:00Z,175,175,-0.8787975
MH,1899-12-31T11:35:00Z,RS047,"NA","NA","NA",2,0.28000000000000003,0.28999999999999998,0.48680555555555555,NA,NA,NA,11:35:00,2022-03-24T11:35:00Z,3.08,58.09,34.87,55.01,31.79,2022-03-24,14:10,NA,10.64,-1.064,NA,Wet day 2,24 March 2022,high,wet,NM,23.22,23.22,42.210507180512636,2,2022-03-24T14:10:00Z,155,155,-0.5465635
MH,1899-12-31T11:48:00Z,RS186,"NA","NA","NA",1.84,0.38,0.21,0.49583333333333335,NA,NA,NA,11:48:00,2022-03-24T11:48:00Z,3.4,54.41,34.01,51.01,30.61,2022-03-24,14:00,NA,14.49,-1.449,NA,Wet day 2,24 March 2022,low,wet,NM,20.4,20.4,39.99215840031366,2,2022-03-24T14:00:00Z,132,132,-1.0083444
MH,1899-12-31T12:04:00Z,RS284,"NA","NA","NA",1.73,0.31,0.31,0.50694444444444442,NA,NA,NA,12:04:00,2022-03-24T12:04:00Z,3.41,61.53,39.04,58.12,35.63,2022-03-24,13:49,NA,10.55,-1.055,NA,Wet day 2,24 March 2022,low,wet,NM,22.489999999999995,22.489999999999995,38.69580178940123,2,2022-03-24T13:49:00Z,105,105,-0.7044784999999999
MH,1899-12-31T12:17:00Z,RS230,"NA","NA","NA",1.21,0.21,0.24,0.51597222222222217,NA,NA,NA,12:17:00,2022-03-24T12:17:00Z,3.47,64.03,37.72,60.56,34.25,2022-03-24,13:47,NA,5.6,-0.56,NA,Wet day 2,24 March 2022,low,wet,NM,26.310000000000002,26.310000000000002,43.444517833553505,2,2022-03-24T13:47:00Z,90,90,-0.25955300000000003
MH,1899-12-31T13:40:00Z,RS195,100,212,112,1.93,0.46,0.25,0.58750000000000002,NA,NA,NA,13:40:00,2022-03-24T13:40:00Z,3.46,55.46,35.55,52,32.09,2022-03-24,15:25,NA,14.45,-1.445,NA,Wet day 2,24 March 2022,high,wet,spore,19.909999999999997,19.909999999999997,38.28846153846153,2,2022-03-24T15:25:00Z,105,105,-1.0944785000000001
MH,1899-12-31T14:04:00Z,RS436,"NA","NA","NA",1.49,0.34,0.32,0.59166666666666667,NA,NA,NA,14:04:00,2022-03-24T14:04:00Z,3.37,57.57,33.89,54.2,30.52,2022-03-24,15:39,NA,11.96,-1.196,NA,Wet day 2,24 March 2022,high,wet,NM,23.680000000000003,23.680000000000003,43.69003690036901,2,2022-03-24T15:39:00Z,95,95,-0.8788615
MH,1899-12-31T14:17:00Z,RS592,"NA","NA","NA",1.65,0.2,0.2,0.6,NA,NA,NA,14:17:00,2022-03-24T14:17:00Z,3.4,56.54,33.48,53.14,30.08,2022-03-24,15:44,NA,5.49,-0.549,NA,Wet day 2,24 March 2022,high,wet,spore,23.060000000000002,23.060000000000002,43.394806172374864,2,2022-03-24T15:44:00Z,87,87,-0.2585679
MH,1899-12-31T14:29:00Z,RS247,"NA","NA","NA",1.7,0.18,0.23,0.60763888888888895,NA,NA,NA,14:29:00,2022-03-24T14:29:00Z,3.37,57.49,33.46,54.12,30.09,2022-03-24,15.56,NA,10.01,-1.001,NA,Wet day 2,24 March 2022,high,wet,NM,24.029999999999998,24.029999999999998,44.40133037694013,2,2022-03-24T15:56:00Z,87,87,-0.7105678999999998
MH,1899-12-31T14:40:00Z,RS372,152,280,128,1.83,0.2,0.39,0.63124999999999998,NA,NA,NA,14:40:00,2022-03-24T14:40:00Z,3.41,57.44,37.92,54.03,34.51,2022-03-24,16:02,NA,22.88,-2.288,NA,Wet day 2,24 March 2022,high,wet,spore,19.520000000000003,19.520000000000003,36.12807699426245,2,2022-03-24T16:02:00Z,82,82,-2.0142594
MH,1899-12-31T15:13:00Z,RS155,"NA","NA","NA",1.65,0.16,0.28000000000000003,0.6381944444444444,NA,NA,NA,15:13:00,2022-03-24T15:13:00Z,3.38,60.54,36.24,57.16,32.86,2022-03-24,17:02,NA,8.91,-0.891,NA,Wet day 2,24 March 2022,low,wet,NM,24.299999999999997,24.299999999999997,42.512246326102165,2,2022-03-24T17:02:00Z,109,109,-0.5271253
MH,1899-12-31T14:06:00Z,RS600,100,235,135,1.4,0.25,0.21,0.6020833333333333,NA,NA,NA,14:06:00,2022-03-25T14:06:00Z,3.62,41.58,30.62,37.96,27,2022-03-25,17:16,NA,20.99,-2.099,"18.29 ring around outside of xylem dark, 20.99 whole xylem dark.",Intermediate day 3,25 March 2022,low,intermed,spore,10.96,10.96,28.87249736564805,3,2022-03-25T17:16:00Z,190,190,-1.4647230000000002
MH,1899-12-31T09:47:00Z,RS255,78,205,127,1.47,0.28000000000000003,0.26,0.41875000000000001,NA,NA,NA,09:47:00,2022-03-29T09:47:00Z,3.89,46.52,34.35,42.63,30.46,2022-03-29,13:44,NA,14.61,-1.461,very clear,Wet day 7,29 March 2022,high,wet,spore,12.170000000000002,12.170000000000002,28.547970912502933,7,2022-03-29T13:44:00Z,237,237,-0.6698229
MH,1899-12-31T10:08:00Z,RS238,"NA","NA","NA",1.7,0.2,0.15,0.42499999999999999,NA,NA,NA,10:08:00,2022-03-29T10:08:00Z,3.88,49,33.82,45.12,29.94,2022-03-29,14:04,NA,15.97,-1.597,very clear,Wet day 7,29 March 2022,high,wet,NM,15.179999999999996,15.179999999999996,33.64361702127659,7,2022-03-29T14:04:00Z,236,236,-0.8091611999999999
MH,1899-12-31T10:28:00Z,RS520,150,233,83,1.67,0.17,0.47,0.44722222222222219,NA,NA,NA,10:28:00,2022-03-29T10:28:00Z,3.92,49.09,33.99,45.17,30.07,2022-03-29,14:28,NA,21.14,-2.114,very clear,Wet day 7,29 March 2022,high,wet,spore,15.100000000000001,15.100000000000001,33.42926721275183,7,2022-03-29T14:28:00Z,240,240,-1.312808
MH,1899-12-31T10:49:00Z,RS457,"NA","NA","NA",1.72,0.11,0.13,0.45416666666666666,NA,NA,NA,10:49:00,2022-03-29T10:49:00Z,3.87,35.76,33.38,31.89,29.51,2022-03-29,14:43,NA,22.31,-2.231,very clear,Dry day 7,22 March 2022,high,dry,NM,2.379999999999999,2.379999999999999,7.463154593916585,7,2022-03-29T14:43:00Z,234,234,-1.4498377999999998
MH,1899-12-31T10:58:00Z,RS205,114,279,165,1.79,0.28000000000000003,0.35,0.4694444444444445,NA,NA,NA,10:58:00,2022-03-29T10:58:00Z,3.85,49.87,36.12,46.02,32.27,2022-03-29,14:51,NA,23.75,-2.375,very clear,NA,NA,NA,NA,NA,13.75,13.75,29.87831377661886,NA,2022-03-29T14:51:00Z,233,233,-1.5971761
MH,1899-12-31T11:21:00Z,RS578,64,145,81,1.54,0.17,0.22,0.48125000000000001,NA,NA,NA,11:21:00,2022-03-29T11:21:00Z,3.87,51.48,38.03,47.61,34.16,2022-03-29,15:04,NA,18.79,-1.879,very clear,Wet day 7,29 March 2022,low,wet,spore,13.450000000000003,13.450000000000003,28.250367569838275,7,2022-03-29T15:04:00Z,223,223,-1.1345591
MH,1899-12-31T11:39:00Z,RS567,"NA","NA","NA",1.45,0.27,0.21,0.4916666666666667,NA,NA,NA,11:39:00,2022-03-29T11:39:00Z,3.41,49.9,33.61,46.49,30.2,2022-03-29,15:39,NA,16.48,-1.648,very clear,Wet day 7,29 March 2022,high,wet,NM,16.290000000000003,16.290000000000003,35.039793503979354,7,2022-03-29T15:39:00Z,240,240,-0.8468079999999999
MH,1899-12-31T11:53:00Z,RS227,"NA","NA","NA",1.71,0.2,0.25,0.4993055555555555,NA,NA,NA,11:53:00,2022-03-29T11:53:00Z,1.8,36.7,24.74,34.9,22.94,2022-03-29,15:27,NA,18.19,-1.819,very clear,Wet day 7,29 March 2022,low,wet,NM,11.959999999999997,11.959999999999997,34.26934097421203,7,2022-03-29T15:27:00Z,214,214,-1.1046038
MH,1899-12-31T12:05:00Z,RS354,"NA","NA","NA",1.63,0.28000000000000003,0.28999999999999998,0.50902777777777775,NA,NA,NA,12:05:00,2022-03-29T12:05:00Z,3.95,46.66,32.61,42.71,28.66,2022-03-29,15:18,NA,12.55,-1.255,very clear,Wet day 7,29 March 2022,low,wet,NM,14.05,14.05,32.89627721845002,7,2022-03-29T15:18:00Z,193,193,-0.6107080999999999
MH,1899-12-31T09:44:00Z,RS574,52,95,43,1.27,0.15,0.22,0.41319444444444442,NA,NA,NA,09:44:00,2022-04-01T09:44:00Z,3.88,47.76,35.86,43.88,31.98,2022-04-01,13:06,1.485,NA,-1.485,very clear,Wet day 10,1 April 2022,high,wet,spore,11.900000000000002,11.900000000000002,27.119416590701917,10,2022-04-01T13:06:00Z,202,202,-0.8106634
MH,1899-12-31T10:00:00Z,RS007,"NA","NA","NA",1.85,0.28000000000000003,0.25,0.42083333333333334,NA,NA,NA,10:00:00,2022-04-01T10:00:00Z,3.92,49.61,36.62,45.69,32.7,2022-04-01,12:54,1.276,NA,-1.276,very clear,Wet day 10,1 April 2022,low,wet,NM,12.989999999999995,12.989999999999995,28.430728824688106,10,2022-04-01T12:54:00Z,174,174,-0.6951358
MH,1899-12-31T10:10:00Z,RS165,171,410,239,1.8,0.28000000000000003,0.27,0.44236111111111109,NA,NA,NA,10:10:00,2022-04-01T10:10:00Z,3.82,41.58,34.06,37.76,30.24,2022-04-01,12:45,1.932,NA,-1.932,very clear,Wet day 10,1 April 2022,high,wet,spore,7.52,7.52,19.915254237288135,10,2022-04-01T12:45:00Z,155,155,-1.4145634999999999
MH,1899-12-31T10:42:00Z,RS074,"NA","NA","NA",1.71,0.25,0.15,0.45,NA,NA,NA,10:42:00,2022-04-01T10:42:00Z,3.88,41.59,31.25,37.71,27.37,2022-04-01,12:23,1.319,NA,-1.319,very clear,Wet day 10,1 April 2022,high,wet,NM,10.34,10.34,27.41978255104747,10,2022-04-01T12:23:00Z,101,101,-0.9818316999999999
MH,1899-12-31T10:55:00Z,RS328,"NA","NA","NA",1.43,0.25,0.22,0.45902777777777776,NA,NA,NA,10:55:00,2022-04-01T10:55:00Z,3.86,49.6,35.87,45.74,32.01,2022-04-01,12:16,1.626,NA,-1.626,very clear,Wet day 10,1 April 2022,high,wet,NM,13.730000000000004,13.730000000000004,30.017490161784004,10,2022-04-01T12:16:00Z,81,81,-1.3555977
MH,1899-12-31T11:07:00Z,RS575,172,314,142,1.63,0.41,0.28999999999999998,0.4777777777777778,NA,NA,NA,11:07:00,2022-04-01T11:07:00Z,3.87,47.4,33.98,43.53,30.11,2022-04-01,12:04,1.906,NA,-1.906,"could also be RS499, both labels are on the bag.",Wet day 10,1 April 2022,high,wet,spore,13.420000000000002,13.420000000000002,30.82931311739031,10,2022-04-01T12:04:00Z,57,57,-1.7157168999999999
MH,1899-12-31T11:34:00Z,RS016,"NA","NA","NA",1.42,0.16,0.28999999999999998,0.48680555555555555,NA,NA,NA,11:34:00,2022-04-01T11:34:00Z,3.88,46.11,33.94,42.23,30.06,2022-04-01,11:45,0.74,NA,-0.74,very clear,Wet day 10,1 April 2022,low,wet,NM,12.169999999999998,12.169999999999998,28.818375562396398,10,2022-04-01T11:45:00Z,11,11,-0.7032787
MH,1899-12-31T11:48:00Z,RS133,"NA","NA","NA",1.25,0.27,0.2,0.49513888888888891,NA,NA,NA,11:48:00,2022-04-01T11:48:00Z,3.85,49.33,37.08,45.48,33.23,2022-04-01,15:17,0.667,NA,-0.667,very clear,Wet day 10,1 April 2022,low,wet,NM,12.25,12.25,26.934916446789796,10,2022-04-01T15:17:00Z,209,209,0.03070470000000003
MH,1899-12-31T11:58:00Z,RS141,"NA","NA","NA",1.88,0.21,0.13,0.50208333333333333,NA,NA,NA,11:58:00,2022-04-01T11:58:00Z,3.85,47.9,35.19,44.05,31.34,2022-04-01,15:12,1.518,NA,-1.518,very clear,Wet day 10,1 April 2022,low,wet,NM,12.709999999999997,12.709999999999997,28.853575482406352,10,2022-04-01T15:12:00Z,194,194,-0.8703698
MH,1899-12-31T12:28:00Z,RS184,"NA","NA","NA",1.83,0.28000000000000003,0.32,0.52500000000000002,NA,NA,NA,12:28:00,2022-04-01T12:28:00Z,3.87,44.17,32.68,40.3,28.81,2022-04-01,14:58,0.698,NA,-0.698,very clear,Wet day 10,1 April 2022,low,wet,NM,11.489999999999998,11.489999999999998,28.511166253101734,10,2022-04-01T14:58:00Z,150,150,-0.19725499999999996
HM,1899-12-31T13:13:00Z,RS161,53,189,136,1.73,0.51,0.22,0.55555555555555558,0.75,NA,NA,13:13:00,2022-04-01T13:13:00Z,3.82,45.99,34.09,42.17,30.27,2022-04-01,14:50,1.664,NA,-1.664,very clear,Wet day 10,1 April 2022,high,wet,spore,11.900000000000002,11.900000000000002,28.219113113587863,10,2022-04-01T14:50:00Z,97,97,-1.3401849
HM,1899-12-31T13:24:00Z,RS298,160,160,0,1.76,0.45,0.24,0.56180555555555556,0.73,NA,NA,13:24:00,2022-04-01T13:24:00Z,3.87,46.99,34.91,43.12,31.04,2022-04-01,14:48,0.847,NA,-0.847,very clear,Wet day 10,1 April 2022,high,wet,NM,12.079999999999998,12.079999999999998,28.014842300556587,10,2022-04-01T14:48:00Z,84,84,-0.5665827999999999
HM,1899-12-31T13:42:00Z,RS189,70,70,0,1.53,0.1,0.12,0.57430555555555551,0.19,NA,NA,13:42:00,2022-04-01T13:42:00Z,3.93,49.39,34.05,45.46,30.12,2022-04-01,14:30,1.179,NA,-1.179,very clear,Wet day 10,1 April 2022,high,wet,NM,15.34,15.34,33.74395072591289,10,2022-04-01T14:30:00Z,48,48,-1.0187616
HM,1899-12-31T13:52:00Z,RS385,96,96,0,1.5,0.23,0.15,0.58125000000000004,0.4,NA,NA,13:52:00,2022-04-01T13:52:00Z,3.81,50.22,34.32,46.41,30.51,2022-04-01,14:27,1.02,NA,-1.02,very clear,Wet day 10,1 April 2022,high,wet,NM,15.899999999999995,15.899999999999995,34.259857789269546,10,2022-04-01T14:27:00Z,35,35,-0.9031595
HM,1899-12-31T14:00:00Z,RS150,85,85,0,1.8,0.13,0.19,0.58819444444444446,0.32,NA,NA,14:00:00,2022-04-01T14:00:00Z,3.94,50.14,35.04,46.2,31.1,2022-04-01,14:21,0.745,NA,-0.745,very clear,Wet day 10,1 April 2022,high,wet,NM,15.100000000000001,15.100000000000001,32.683982683982684,10,2022-04-01T14:21:00Z,21,21,-0.6748957
HM,1899-12-31T14:11:00Z,RS275,120,120,0,1.38,0.18,0.24,0.59444444444444444,0.41,NA,NA,14:11:00,2022-04-01T14:11:00Z,3.82,49.75,34.66,45.93,30.84,2022-04-01,16:13,0.949,NA,-0.949,very clear,Wet day 10,1 April 2022,high,wet,NM,15.09,15.09,32.85434356629654,10,2022-04-01T16:13:00Z,122,122,-0.5417273999999999
HM,1899-12-31T14:35:00Z,RS406,116,116,0,1.73,0.24,0.23,0.61111111111111116,0.47,NA,NA,14:35:00,2022-04-01T14:35:00Z,3.86,50.71,35.04,46.85,31.18,2022-04-01,16:08,1.242,NA,-1.242,very clear,Wet day 7 part B,1 April 2022,high,wet,NM,15.670000000000002,15.670000000000002,33.447171824973324,7,2022-04-01T16:08:00Z,93,93,-0.9315381
HM,1899-12-31T14:46:00Z,RS381,125,125,0,1.75,0.21,0.19,0.61944444444444446,0.39,NA,NA,14:46:00,2022-04-01T14:46:00Z,3.91,51.12,34.15,47.21,30.24,2022-04-01,16:05,1.521,NA,-1.521,very clear,Wet day 7 part B,1 April 2022,low,wet,NM,16.970000000000002,16.970000000000002,35.94577420038128,7,2022-04-01T16:05:00Z,79,79,-1.2572743
HM,1899-12-31T14:56:00Z,RS562,44,191,147,1.5,0.22,0.26,0.62638888888888888,0.49,NA,NA,14:56:00,2022-04-01T14:56:00Z,3.83,49.8,36.44,45.97,32.61,2022-04-01,16:02,1.279,NA,-1.279,very clear,Wet day 7 part B,1 April 2022,high,wet,spore,13.36,13.36,29.062432020883183,7,2022-04-01T16:02:00Z,66,66,-1.0586722
HM,1899-12-31T15:06:00Z,RS280,133,133,0,1.88,0.34,0.24,0.6333333333333333,0.61,NA,NA,15:06:00,2022-04-01T15:06:00Z,3.9,52.78,35.1,48.88,31.2,2022-04-01,16:00,1.094,NA,-1.094,very clear,Wet day 7 part B,1 April 2022,high,wet,NM,17.680000000000003,17.680000000000003,36.17021276595745,7,2022-04-01T16:00:00Z,54,54,-0.9137318000000001
HM,1899-12-31T15:15:00Z,RS348,138,138,0,1.99,0.43,0.26,0.64166666666666672,0.71,NA,NA,15:15:00,2022-04-01T15:15:00Z,3.83,54.3,35.6,50.47,31.77,2022-04-01,15:58,0.821,NA,-0.821,very clear,Wet day 7 part B,1 April 2022,high,wet,spore,18.7,18.7,37.05171388943927,7,2022-04-01T15:58:00Z,43,43,-0.6774530999999999
HM,1899-12-31T09:27:00Z,RS523,53,126,73,1.77,0.19,0.24,0.39930555555555558,0.47,NA,NA,09:27:00,2022-04-05T09:27:00Z,3.88,39.99,32.75,36.11,28.87,2022-04-05,14:18,3.245,NA,-3.245,very clear,Wet day 14,5 April 2022,high,wet,spore,7.239999999999998,7.239999999999998,20.049847687621153,14,2022-04-05T14:18:00Z,291,291,-2.2735547
HM,1899-12-31T09:40:00Z,RS517,67,147,80,1.7,0.14000000000000001,0.23,0.40763888888888888,0.35,NA,NA,09:40:00,2022-04-05T09:40:00Z,3.86,46.96,37.33,43.1,33.47,2022-04-05,14:15,2.61,NA,-2.61,very clear,Wet day 14,5 April 2022,high,wet,spore,9.630000000000003,9.630000000000003,22.343387470997687,14,2022-04-05T14:15:00Z,275,275,-1.6919674999999998
HM,1899-12-31T09:50:00Z,RS488,125,125,0,1.25,0.27,0.18,0.41388888888888886,0.45,NA,NA,09:50:00,2022-04-05T09:50:00Z,3.89,53.39,41.88,49.5,37.99,2022-04-05,14:07,1.546,NA,-1.546,very clear,Wet day 14,5 April 2022,high,wet,spore,11.509999999999998,11.509999999999998,23.25252525252525,14,2022-04-05T14:07:00Z,257,257,-0.6880569
HM,1899-12-31T09:59:00Z,RS124,31,133,102,1.75,0.22,0.2,0.42083333333333334,0.43,NA,NA,09:59:00,2022-04-05T09:59:00Z,3.87,45.31,34.73,41.44,30.86,2022-04-05,14:04,2.32,NA,-2.32,very clear,Wet day 14,5 April 2022,high,wet,spore,10.579999999999998,10.579999999999998,25.530888030888025,14,2022-04-05T14:04:00Z,245,245,-1.5021164999999996
HM,1899-12-31T10:10:00Z,RS505,36,126,90,1.54,0.22,0.13,0.42777777777777776,0.35,NA,NA,10:10:00,2022-04-05T10:10:00Z,3.85,42.37,34.73,38.52,30.88,2022-04-05,13:57,2.709,NA,-2.709,very clear,Wet day 14,5 April 2022,high,wet,spore,7.640000000000004,7.640000000000004,19.833852544132927,14,2022-04-05T13:57:00Z,227,227,-1.9512059000000002
HM,1899-12-31T10:20:00Z,RS351,35,153,118,1.36,0.19,0.23,0.43472222222222223,0.43,NA,NA,10:20:00,2022-04-05T10:20:00Z,3.88,50.37,39.99,46.49,36.11,2022-04-05,13:53,2.326,NA,-2.326,very clear,Wet day 14,5 April 2022,high,wet,spore,10.380000000000003,10.380000000000003,22.327382232738227,14,2022-04-05T13:53:00Z,213,213,-1.6149421
LB,1899-12-31T10:20:00Z,RS551,77,240,163,1.27,0.28000000000000003,0.3,0.4513888888888889,NA,nice rhizomorphs,NA,10:20:00,2022-04-05T10:20:00Z,3.87,38.1,33.31,34.23,29.44,2022-04-05,13:50,1.803,NA,-1.803,very clear,Wet day 14,5 April 2022,high,wet,spore,4.789999999999996,4.789999999999996,13.993572889278399,14,2022-04-05T13:50:00Z,210,210,-1.1019569999999999
LB,1899-12-31T10:55:00Z,RS514,"NA","NA","NA",1.68,0.28999999999999998,0.24,0.46527777777777779,NA,NA,NA,10:55:00,2022-04-05T10:55:00Z,3.74,43.89,33.99,40.15,30.25,2022-04-05,13:35,1.426,NA,-1.426,very clear,Wet day 14,5 April 2022,high,wet,NM,9.899999999999999,9.899999999999999,24.65753424657534,14,2022-04-05T13:35:00Z,160,160,-0.8918719999999999
LB,1899-12-31T11:16:00Z,RS221,65,188,123,1.28,0.16,0.25,0.4861111111111111,NA,big cluster of colonized roots,NA,11:16:00,2022-04-05T11:16:00Z,3.79,41.95,34.31,38.16,30.52,2022-04-05,13:27,1.729,NA,-1.729,very clear,Wet day 14,5 April 2022,high,wet,spore,7.639999999999997,7.639999999999997,20.020964360586994,14,2022-04-05T13:27:00Z,131,131,-1.2916827
LB,1899-12-31T11:47:00Z,RS528,78,93,15,1.33,"NA",0.19,0.50277777777777777,NA,"very small root system, only one EM clump - did not dry",NA,11:47:00,2022-04-05T11:47:00Z,3.84,40.74,33.37,36.9,29.53,2022-04-05,13:24,2.085,NA,-2.085,very clear,Wet day 14,5 April 2022,high,wet,spore,7.3699999999999974,7.3699999999999974,19.972899728997284,14,2022-04-05T13:24:00Z,97,97,-1.7611849
LB,1899-12-31T14:50:00Z,RS322,"NA","NA","NA",1.51,0.15,0.16,0.61805555555555558,NA,NA,NA,14:50:00,2022-04-05T14:50:00Z,3.82,48.8,37.38,44.98,33.56,2022-04-05,18:01,2.012,NA,-2.012,very clear,Wet day 14,5 April 2022,high,wet,NM,11.419999999999995,11.419999999999995,25.389061805246765,14,2022-04-05T18:01:00Z,191,191,-1.3743847
LB,1899-12-31T14:55:00Z,RS300,"NA","NA","NA",1.85,0.23,0.28000000000000003,0.63194444444444442,NA,NA,NA,14:55:00,2022-04-05T14:55:00Z,3.85,44.69,33.49,40.84,29.64,2022-04-05,17:53,1.405,NA,-1.405,very clear,Wet day 14,5 April 2022,high,wet,NM,11.200000000000003,11.200000000000003,27.424094025465234,14,2022-04-05T17:53:00Z,178,178,-0.8107826
LB,1899-12-31T15:20:00Z,RS325,"NA","NA","NA",1.29,0.17,0.13,0.64583333333333337,NA,NA,NA,15:20:00,2022-04-05T15:20:00Z,3.68,44.56,34.58,40.88,30.9,2022-04-05,17:41,1.201,NA,-1.201,very clear,Wet day 14,5 April 2022,high,wet,NM,9.980000000000004,9.980000000000004,24.412915851272025,14,2022-04-05T17:41:00Z,141,141,-0.7302997
LB,1899-12-31T15:37:00Z,RS308,"NA","NA","NA",1.61,0.28999999999999998,0.34,0.66319444444444442,NA,NA,NA,15:37:00,2022-04-05T15:37:00Z,3.8,42.32,34.22,38.52,30.42,2022-04-05,17:19,2.18,NA,-2.18,very clear,Wet day 14,5 April 2022,high,wet,NM,8.100000000000001,8.100000000000001,21.028037383177573,14,2022-04-05T17:19:00Z,102,102,-1.8394934
MH,1899-12-31T09:42:00Z,RS026,"NA","NA","NA",1.68,0.2,0.18,0.41249999999999998,NA,NA,NA,09:42:00,2022-04-05T09:42:00Z,3.88,39.07,30.45,35.19,26.57,2022-04-05,14:13,0.9,NA,-0.9,very clear,Wet day 14,5 April 2022,high,wet,NM,8.619999999999997,8.619999999999997,24.495595339585105,14,2022-04-05T14:13:00Z,271,271,0.004679300000000053
MH,1899-12-31T10:10:00Z,RS234,"NA","NA","NA",1.89,0.17,0.19,0.42708333333333331,NA,NA,NA,10:10:00,2022-04-05T10:10:00Z,3.9,41.25,32.15,37.35,28.25,2022-04-05,14:01,1.568,NA,-1.568,very clear,Wet day 14,5 April 2022,low,wet,NM,9.100000000000001,9.100000000000001,24.364123159303887,14,2022-04-05T14:01:00Z,231,231,-0.7968527
MH,1899-12-31T10:23:00Z,RS549,"NA","NA","NA",1.89,0.18,0.14000000000000001,0.4375,NA,NA,NA,10:23:00,2022-04-05T10:23:00Z,3.85,42.13,33.66,38.28,29.81,2022-04-05,13:47,1.847,NA,-1.847,very clear,Wet day 14,5 April 2022,high,wet,spore,8.470000000000002,8.470000000000002,22.1264367816092,14,2022-04-05T13:47:00Z,204,204,-1.1659867999999998
MH,1899-12-31T10:36:00Z,RS450,"NA","NA","NA",1.58,0.16,0.18,0.44583333333333336,NA,NA,NA,10:36:00,2022-04-05T10:36:00Z,3.84,47.04,36.18,43.2,32.34,2022-04-05,13:41,1.893,NA,-1.893,very clear,Wet day 14,5 April 2022,low,wet,NM,10.86,10.86,25.13888888888889,14,2022-04-05T13:41:00Z,185,185,-1.2754145000000001
MH,1899-12-31T10:48:00Z,RS273,"NA","NA","NA",1.72,0.28000000000000003,0.26,0.45555555555555555,NA,NA,NA,10:48:00,2022-04-05T10:48:00Z,3.89,42.83,33.66,38.94,29.77,2022-04-05,13:37,1.872,NA,-1.872,very clear,Wet day 14,5 April 2022,high,wet,spore,9.169999999999998,9.169999999999998,23.549049820236256,14,2022-04-05T13:37:00Z,169,169,-1.3078273
MH,1899-12-31T11:03:00Z,RS458,"NA","NA","NA",1.86,0.33,0.21,0.46597222222222223,NA,NA,NA,11:03:00,2022-04-05T11:03:00Z,3.88,45.01,36.38,41.13,32.5,2022-04-05,13:32,2.483,NA,-2.483,very clear,Wet day 14,5 April 2022,low,wet,NM,8.630000000000003,8.630000000000003,20.982251398006326,14,2022-04-05T13:32:00Z,149,149,-1.9855933000000001
MH,1899-12-31T11:17:00Z,RS095,47,228,181,1.77,0.26,0.34,0.48819444444444443,NA,NA,NA,11:17:00,2022-04-05T11:17:00Z,3.91,44,38.34,40.09,34.43,2022-04-05,13:29,1.766,NA,-1.766,very clear,Wet day 14,5 April 2022,high,wet,spore,5.660000000000004,5.660000000000004,14.1182339735595,14,2022-04-05T13:29:00Z,132,132,-1.3253444
MH,1899-12-31T11:50:00Z,RS518,"NA","NA","NA",1.46,0.17,0.19,0.49791666666666667,NA,NA,NA,11:50:00,2022-04-05T11:50:00Z,3.87,41.23,31.5,37.36,27.63,2022-04-05,13:22,1.115,NA,-1.115,very clear,Wet day 14,5 April 2022,low,wet,NM,9.73,9.73,26.043897216274093,14,2022-04-05T13:22:00Z,92,92,-0.8078764
MH,1899-12-31T12:03:00Z,RS145,"NA","NA","NA",1.67,0.23,0.25,0.50694444444444442,NA,NA,NA,12:03:00,2022-04-05T12:03:00Z,3.83,45.44,36.4,41.61,32.57,2022-04-05,13:20,1.229,NA,-1.229,very clear,Wet day 14,5 April 2022,low,wet,NM,9.04,9.04,21.725546743571257,14,2022-04-05T13:20:00Z,77,77,-0.9719509000000001
MH,1899-12-31T12:18:00Z,RS558,"NA","NA","NA",1.42,0.36,0.26,0.51666666666666672,NA,NA,NA,12:18:00,2022-04-05T12:18:00Z,3.88,47.99,37.47,44.11,33.59,2022-04-05,13:16,1.166,NA,-1.166,very clear,Wet day 14,5 April 2022,high,wet,spore,10.519999999999996,10.519999999999996,23.849467240988428,14,2022-04-05T13:16:00Z,58,58,-0.9723785999999999
MH,1899-12-31T12:27:00Z,RS190,"NA","NA","NA",1.78,0.3,0.38,0.5229166666666667,NA,NA,NA,12:27:00,2022-04-05T12:27:00Z,3.83,45.26,36.01,41.43,32.18,2022-04-05,18:39,1.821,NA,-1.821,very clear,Wet day 14,5 April 2022,low,wet,NM,9.25,9.25,22.326816316678734,14,2022-04-05T18:39:00Z,372,372,-0.5791523999999999
MH,1899-12-31T13:08:00Z,RS434,42,166,124,1.91,0.26,0.28999999999999998,0.55694444444444446,NA,NA,NA,13:08:00,2022-04-05T13:08:00Z,3.83,43.91,37.31,40.08,33.48,2022-04-05,18:35,2.551,NA,-2.551,very clear,Wet day 14,5 April 2022,high,wet,spore,6.600000000000001,6.600000000000001,16.46706586826348,14,2022-04-05T18:35:00Z,327,327,-1.4593759000000002
MH,1899-12-31T13:27:00Z,RS076,"NA","NA","NA",1.42,0.26,0.31,0.56458333333333333,NA,NA,NA,13:27:00,2022-04-05T13:27:00Z,3.84,42,33.95,38.16,30.11,2022-04-05,18:31,1.454,NA,-1.454,very clear,Wet day 14,5 April 2022,high,wet,NM,8.049999999999997,8.049999999999997,21.095387840670853,14,2022-04-05T18:31:00Z,304,304,-0.4391567999999999
MH,1899-12-31T13:36:00Z,RS526,"NA","NA","NA",1.8,0.22,0.27,0.5708333333333333,NA,NA,NA,13:36:00,2022-04-05T13:36:00Z,3.83,47.34,37.34,43.51,33.51,2022-04-05,18:27,1.857,NA,-1.857,very clear,Wet day 14,5 April 2022,high,wet,spore,10,10,22.983222247759137,14,2022-04-05T18:27:00Z,291,291,-0.8855546999999999
MH,1899-12-31T13:46:00Z,RS083,213,244,31,1.92,0.18,0.17,0.58333333333333337,NA,NA,NA,13:46:00,2022-04-05T13:46:00Z,3.82,45.34,36.42,41.52,32.6,2022-04-05,18:23,2.06,NA,-2.06,very clear,Wet day 14,5 April 2022,high,wet,spore,8.920000000000002,8.920000000000002,21.483622350674374,14,2022-04-05T18:23:00Z,277,277,-1.1352909
MH,1899-12-31T14:04:00Z,RS111,"NA","NA","NA",1.53,0.35,0.41,0.58888888888888891,NA,NA,NA,14:04:00,2022-04-05T14:04:00Z,3.89,42.3,33.73,38.41,29.84,2022-04-05,18:14,1.444,NA,-1.444,very clear,Wet day 14,5 April 2022,high,wet,NM,8.569999999999997,8.569999999999997,22.31189794324394,14,2022-04-05T18:14:00Z,250,250,-0.6094249999999999
MH,1899-12-31T14:13:00Z,RS482,133,336,203,1.44,0.31,0.54,0.6069444444444444,NA,NA,NA,14:13:00,2022-04-05T14:13:00Z,3.83,39.45,33.44,35.62,29.61,2022-04-05,18:09,2.21,NA,-2.21,very clear,Wet day 14,5 April 2022,high,wet,spore,6.009999999999998,6.009999999999998,16.872543514879276,14,2022-04-05T18:09:00Z,236,236,-1.4221612
MH,1899-12-31T14:42:00Z,RS093,"NA","NA","NA",1.78,0.26,0.42,0.61597222222222225,NA,NA,NA,14:42:00,2022-04-05T14:42:00Z,3.83,46.25,35.27,42.42,31.44,2022-04-05,18:05,1.338,NA,-1.338,very clear,Wet day 14,5 April 2022,high,wet,NM,10.98,10.98,25.884016973125885,14,2022-04-05T18:05:00Z,203,203,-0.6603251
MH,1899-12-31T14:50:00Z,RS241,"NA","NA","NA",1.7,0.18,0.18,0.62222222222222223,NA,NA,NA,14:50:00,2022-04-05T14:50:00Z,3.84,45.73,36.29,41.89,32.45,2022-04-05,17:57,1.757,NA,-1.757,very clear,Wet day 14,5 April 2022,high,wet,spore,9.439999999999998,9.439999999999998,22.53521126760563,14,2022-04-05T17:57:00Z,187,187,-1.1327379
MH,1899-12-31T15:00:00Z,RS112,"NA","NA","NA",1.94,0.15,0.17,0.62986111111111109,NA,NA,NA,15:00:00,2022-04-05T15:00:00Z,3.9,44.61,35.06,40.71,31.16,2022-04-05,17:50,1.829,NA,-1.829,very clear,Wet day 14,5 April 2022,low,wet,NM,9.55,9.55,23.458609678211744,14,2022-04-05T17:50:00Z,170,170,-1.261489
MH,1899-12-31T15:26:00Z,RS197,"NA","NA","NA",1.76,0.28999999999999998,0.38,0.64652777777777781,NA,NA,NA,15:26:00,2022-04-05T15:26:00Z,3.84,47.67,37.97,43.83,34.13,2022-04-05,17:27,1.104,NA,-1.104,very clear,Wet day 14,5 April 2022,low,wet,NM,9.699999999999996,9.699999999999996,22.13096052931781,14,2022-04-05T17:27:00Z,121,121,-0.7000657000000001
MH,1899-12-31T15:34:00Z,RS426,"NA","NA","NA",1.73,0.37,0.24,0.65277777777777779,NA,NA,NA,15:34:00,2022-04-05T15:34:00Z,3.91,45.09,35.58,41.18,31.67,2022-04-05,17:23,0.959,NA,-0.959,very clear,Wet day 14,5 April 2022,low,wet,NM,9.509999999999998,9.509999999999998,23.093734822729477,14,2022-04-05T17:23:00Z,109,109,-0.5951253
MH,1899-12-31T15:43:00Z,RS440,"NA","NA","NA",1.7,0.2,0.18,0.65902777777777777,NA,NA,NA,15:43:00,2022-04-05T15:43:00Z,3.81,48.9,37.08,45.09,33.27,2022-04-05,17:15,1.552,NA,-1.552,very clear,Wet day 14,5 April 2022,low,wet,NM,11.82,11.82,26.214238190286093,14,2022-04-05T17:15:00Z,92,92,-1.2448764
MH,1899-12-31T15:53:00Z,RS054,"NA","NA","NA",1.36,0.46,0.35,0.66597222222222219,NA,NA,NA,15:53:00,2022-04-05T15:53:00Z,3.91,43.2,33.43,39.29,29.52,2022-04-05,17:10,1.141,NA,-1.141,very clear,Wet day 14,5 April 2022,high,wet,NM,9.77,9.77,24.866378213285824,14,2022-04-05T17:10:00Z,77,77,-0.8839509
MH,1899-12-31T11:24:00Z,RS402,"NA","NA","NA",1.93,0.13,0.17,0.47916666666666669,NA,NA,NA,11:24:00,2022-04-08T11:24:00Z,3.89,40.13,32.83,36.24,28.94,2022-04-08,14:05,1.138,NA,-1.138,bag not perfectly zipped.,Wet day 17,8 April 2022,low,wet,NM,7.300000000000001,7.300000000000001,20.14348785871965,17,2022-04-08T14:05:00Z,161,161,-0.6005336999999998
MH,1899-12-31T11:36:00Z,RS481,363,415,52,1.99,0.22,0.3,0.49930555555555556,NA,NA,NA,11:36:00,2022-04-08T11:36:00Z,3.89,41.16,35.26,37.27,31.37,2022-04-08,14:10,2.185,NA,-2.185,very clear,Wet day 17,8 April 2022,high,wet,spore,5.900000000000002,5.900000000000002,15.830426616581706,17,2022-04-08T14:10:00Z,154,154,-1.6709018
MH,1899-12-31T12:07:00Z,RS228,"NA","NA","NA",1.77,0,0.25,0.50902777777777775,NA,super small seedling; tiny root system so froze whole thing,NA,12:07:00,2022-04-08T12:07:00Z,3.88,44,34.97,40.12,31.09,2022-04-08,13:30,1.547,NA,-1.547,very clear,Wet day 17,8 April 2022,high,wet,NM,9.029999999999998,9.029999999999998,22.5074775672981,17,2022-04-08T13:30:00Z,83,83,-1.2699211
MH,1899-12-31T13:03:00Z,RS271,106,291,185,1.1299999999999999,0.25,0.4,0.56111111111111112,NA,NA,NA,13:03:00,2022-04-08T13:03:00Z,3.83,39.24,36.07,35.41,32.24,2022-04-08,15:39,1.196,NA,-1.196,NA,Wet day 17,8 April 2022,high,wet,spore,3.1699999999999946,3.1699999999999946,8.95227336910476,17,2022-04-08T15:39:00Z,156,156,-0.6752252
MH,1899-12-31T13:33:00Z,RS301,"NA","NA","NA",2.0499999999999998,0.13,0.15,0.56944444444444442,NA,NA,NA,13:33:00,2022-04-08T13:33:00Z,3.87,46.5,36.27,42.63,32.4,2022-04-08,15:58,0.932,NA,-0.932,NA,Wet day 17,8 April 2022,high,wet,NM,10.230000000000004,10.230000000000004,23.997185080928933,17,2022-04-08T15:58:00Z,145,145,-0.4479465
MH,1899-12-31T13:46:00Z,RS502,44,132,88,1.55,0.22,0.21,0.58194444444444449,NA,NA,NA,13:46:00,2022-04-08T13:46:00Z,3.92,37.4,33.82,33.48,29.9,2022-04-08,16:07,1.828,NA,-1.828,NA,Wet day 17,8 April 2022,high,wet,spore,3.5799999999999983,3.5799999999999983,10.692951015531657,17,2022-04-08T16:07:00Z,141,141,-1.3572997
MH,1899-12-31T14:03:00Z,RS181,52,144,92,1.68,0.18,0.18,0.59444444444444444,NA,NA,NA,14:03:00,2022-04-08T14:03:00Z,3.81,51.83,41.93,48.02,38.12,2022-04-08,16:17,1.058,NA,-1.058,NA,Wet day 17,8 April 2022,high,wet,spore,9.900000000000006,9.900000000000006,20.616409829237828,17,2022-04-08T16:17:00Z,134,134,-0.6106678000000001
MH,1899-12-31T14:20:00Z,RS130,"NA","NA","NA",1.62,0,0.14000000000000001,0.60138888888888886,NA,super small/shriveled; tiny root system so froze whole thing,NA,14:20:00,2022-04-08T14:20:00Z,3.89,44.68,34.08,40.79,30.19,2022-04-08,15:27,1.244,NA,-1.244,very clear,Wet day 17,8 April 2022,high,wet,NM,10.599999999999998,10.599999999999998,25.986761461142432,17,2022-04-08T15:27:00Z,67,67,-1.0203339
MH,1899-12-31T14:29:00Z,RS239,"NA","NA","NA",1.76,0.28999999999999998,0.23,0.60833333333333328,NA,NA,NA,14:29:00,2022-04-08T14:29:00Z,3.85,42.18,35.13,38.33,31.28,2022-04-08,15:25,1.132,NA,-1.132,very clear,Wet day 17,8 April 2022,high,wet,NM,7.049999999999997,7.049999999999997,18.392903730759187,17,2022-04-08T15:25:00Z,56,56,-0.9450551999999999
MH,1899-12-31T14:40:00Z,RS129,"NA","NA","NA",1.81,0.15,0.15,0.6166666666666667,NA,NA,NA,14:40:00,2022-04-08T14:40:00Z,3.86,41.1,33.07,37.24,29.21,2022-04-08,15:18,1.04,NA,-1.04,very clear,Wet day 17,8 April 2022,high,wet,NM,8.030000000000001,8.030000000000001,21.562835660580024,17,2022-04-08T15:18:00Z,38,38,-0.9131446000000001
LB,1899-12-31T10:30:00Z,RS140,73,266,193,1.42,0.38,0.33,0.45833333333333331,NA,shoot a little chlorotic,NA,10:30:00,2022-04-08T10:30:00Z,3.83,37.94,33.7,34.11,29.87,2022-04-08,13:54,1.481,NA,-1.481,very clear,Wet day 17,8 April 2022,high,wet,spore,4.239999999999998,4.239999999999998,12.430372324831424,17,2022-04-08T13:54:00Z,204,204,-0.7999868
LB,1899-12-31T11:05:00Z,RS510,149,177,28,1.55,0.13,0.18,0.47708333333333336,NA,mostly one area of mycos; froze that section,NA,11:05:00,2022-04-08T11:05:00Z,3.75,42.03,34.29,38.28,30.54,2022-04-08,14:01,1.402,NA,-1.402,very clear,Wet day 17,8 April 2022,low,wet,spore,7.740000000000002,7.740000000000002,20.21943573667712,17,2022-04-08T14:01:00Z,176,176,-0.8144591999999998
LB,1899-12-31T11:36:00Z,RS044,"NA","NA","NA",1.49,0.16,0.21,0.49236111111111114,NA,NA,NA,11:36:00,2022-04-08T11:36:00Z,3.84,39.11,32.15,35.27,28.31,2022-04-08,14:12,1.547,NA,-1.547,very clear,Wet day 17,8 April 2022,high,wet,NM,6.960000000000004,6.960000000000004,19.733484547774324,17,2022-04-08T14:12:00Z,156,156,-1.0262251999999998
LB,1899-12-31T11:55:00Z,RS222,"NA","NA","NA",1.54,0.14000000000000001,0.2,0.50486111111111109,NA,NA,NA,11:55:00,2022-04-08T11:55:00Z,3.8,42.74,34.98,38.94,31.18,2022-04-08,14:17,2.261,NA,-2.261,very clear,Wet day 17,8 April 2022,high,wet,NM,7.759999999999998,7.759999999999998,19.92809450436569,17,2022-04-08T14:17:00Z,142,142,-1.7869614
IM,1899-12-31T10:42:00Z,RS583,"NA","NA","NA",1.81,0.3,0.26,0.45416666666666666,NA,NA,NA,10:42:00,2022-04-08T10:42:00Z,3.89,44.04,35.57,40.15,31.68,2022-04-08,13:57,1.085,NA,-1.085,very clear,Wet day 17,8 April 2022,low,wet,spore,8.469999999999999,8.469999999999999,21.0958904109589,17,2022-04-08T13:57:00Z,195,195,-0.4340314999999999
IM,1899-12-31T11:11:00Z,RS065,"NA","NA","NA",1.48,0.27,0.3,0.47083333333333333,NA,NA,NA,11:11:00,2022-04-08T11:11:00Z,3.79,38.85,32.55,35.06,28.76,2022-04-08,14:03,0.925,NA,-0.925,very clear,Wet day 17,8 April 2022,low,wet,NM,6.300000000000001,6.300000000000001,17.969195664575015,17,2022-04-08T14:03:00Z,172,172,-0.3508124
IM,1899-12-31T11:24:00Z,RS538,"NA","NA","NA",1.77,0.21,0.23,0.48333333333333334,NA,NA,NA,11:24:00,2022-04-08T11:24:00Z,3.9,43.72,35.74,39.82,31.84,2022-04-08,14:07,1.374,NA,-1.374,very clear,Wet day 17,8 April 2022,low,wet,NM,7.98,7.98,20.040180813661475,17,2022-04-08T14:07:00Z,163,163,-0.8298571000000001
IM,1899-12-31T11:37:00Z,RS013,"NA","NA","NA",1.93,0.14000000000000001,0.13,0.49027777777777776,NA,NA,NA,11:37:00,2022-04-08T11:37:00Z,3.83,41.18,32.91,37.35,29.08,2022-04-08,14:14,1.372,NA,-1.372,very clear,Wet day 17,8 April 2022,low,wet,NM,8.270000000000003,8.270000000000003,22.14190093708167,17,2022-04-08T14:14:00Z,157,157,-0.8478869000000001
IM,1899-12-31T11:55:00Z,RS516,159,179,20,1.39,0.25,0.14000000000000001,0.5083333333333333,NA,NA,NA,11:55:00,2022-04-08T11:55:00Z,3.88,44.24,35.35,40.36,31.47,2022-04-08,13:34,0.696,NA,-0.696,very clear,Wet day 17,8 April 2022,low,wet,spore,8.89,8.89,22.026759167492568,17,2022-04-08T13:34:00Z,99,99,-0.36550829999999995
IM,1899-12-31T12:58:00Z,RS270,"NA","NA","NA",1.1299999999999999,0.41,0.51,0.54652777777777772,NA,NA,NA,12:58:00,2022-04-08T12:58:00Z,3.81,38.32,32.92,34.51,29.11,2022-04-08,15:37,1.07,NA,-1.07,NA,Wet day 17,8 April 2022,high,wet,NM,5.399999999999999,5.399999999999999,15.6476383656911,17,2022-04-08T15:37:00Z,159,159,-0.5392103
IM,1899-12-31T13:12:00Z,RS407,"NA","NA","NA",1.45,0.4,0.33,0.5541666666666667,NA,NA,NA,13:12:00,2022-04-08T13:12:00Z,3.91,44.69,37.27,40.78,33.36,2022-04-08,15:44,1.07,NA,-1.07,NA,Wet day 17,8 April 2022,low,wet,NM,7.420000000000002,7.420000000000002,18.19519372241295,17,2022-04-08T15:44:00Z,152,152,-0.5625784
IM,1899-12-31T13:23:00Z,RS561,"NA","NA","NA",1.87,0.12,0.15,0.56388888888888888,NA,NA,NA,13:23:00,2022-04-08T13:23:00Z,3.84,44.37,35.58,40.53,31.74,2022-04-08,15:56,1.322,NA,-1.322,NA,Wet day 17,8 April 2022,low,wet,NM,8.790000000000003,8.790000000000003,21.68763878608439,17,2022-04-08T15:56:00Z,153,153,-0.8112401
IM,1899-12-31T13:36:00Z,RS177,"NA","NA","NA",1.81,0.27,0.17,0.57291666666666663,NA,NA,NA,13:36:00,2022-04-08T13:36:00Z,3.89,44.16,36.43,40.27,32.54,2022-04-08,16:02,1.188,NA,-1.188,NA,Wet day 17,8 April 2022,high,wet,NM,7.730000000000004,7.730000000000004,19.19543084181774,17,2022-04-08T16:02:00Z,146,146,-0.7006081999999999
IM,1899-12-31T13:58:00Z,RS540,62,117,55,1.43,0.11,0.1,0.59166666666666667,NA,NA,NA,13:58:00,2022-04-08T13:58:00Z,3.87,44.53,34.56,40.66,30.69,2022-04-08,16:11,2.122,NA,-2.122,NA,Wet day 17,8 April 2022,high,wet,spore,9.969999999999995,9.969999999999995,24.520413182488923,17,2022-04-08T16:11:00Z,133,133,-1.6780060999999997
IM,1899-12-31T14:15:00Z,RS028,"NA","NA","NA",1.43,0.15,0.18,0.59930555555555554,NA,NA,NA,14:15:00,2022-04-08T14:15:00Z,3.82,44.93,36.2,41.11,32.38,2022-04-08,16:20,1.111,NA,-1.111,NA,Wet day 17,8 April 2022,low,wet,NM,8.729999999999997,8.729999999999997,21.235709073218185,17,2022-04-08T16:20:00Z,125,125,-0.6937125
IM,1899-12-31T14:25:00Z,RS390,"NA","NA","NA",1.56,7.0000000000000007E-2,0.12,0.60624999999999996,NA,NA,NA,14:25:00,2022-04-08T14:25:00Z,3.9,36.69,35.79,32.79,31.89,2022-04-08,15:30,3.548,NA,-3.548,"one spot of xylem wet. Cut end never wet >6.0, seedling looks dried out/crispy.",Dry day 7,22 March 2022,low,dry,NM,0.8999999999999986,0.8999999999999986,2.7447392497712673,7,2022-04-08T15:30:00Z,65,65,-3.3310105
IM,1899-12-31T14:35:00Z,RS022,"NA","NA","NA",1.92,0.24,0.28999999999999998,0.61597222222222225,NA,NA,NA,14:35:00,2022-04-08T14:35:00Z,3.81,42.6,35.66,38.79,31.85,2022-04-08,15:20,1.365,NA,-1.365,very clear,Wet day 17,8 April 2022,high,wet,NM,6.939999999999998,6.939999999999998,17.891209074503735,17,2022-04-08T15:20:00Z,45,45,-1.2147765
HM,1899-12-31T12:33:00Z,RS097,99,230,131,1.66,0.27,0.19,0.52916666666666667,0.5,NA,NA,12:33:00,2022-04-08T12:33:00Z,3.88,40,35.26,36.12,31.38,2022-04-08,13:24,2.717,NA,-2.717,very clear,Wet day 17,8 April 2022,low,wet,spore,4.739999999999998,4.739999999999998,13.122923588039864,17,2022-04-08T13:24:00Z,51,51,-2.5467467
HM,1899-12-31T12:45:00Z,RS005,105,105,0,1.76,0.1,0.2,0.53472222222222221,0.31,NA,NA,12:45:00,2022-04-08T12:45:00Z,3.84,45.75,37.92,41.91,34.08,2022-04-08,13:21,1.148,NA,-1.148,very clear,Wet day 17,8 April 2022,low,wet,spore,7.829999999999998,7.829999999999998,18.682891911238364,17,2022-04-08T13:21:00Z,36,36,-1.0278212
HM,1899-12-31T12:53:00Z,RS525,59,254,195,1.89,0.28000000000000003,0.34,0.54166666666666663,0.6,NA,NA,12:53:00,2022-04-08T12:53:00Z,3.83,42.93,34.26,39.1,30.43,2022-04-08,13:15,1.719,NA,-1.719,very clear,Wet day 17,8 April 2022,low,wet,spore,8.670000000000002,8.670000000000002,22.17391304347826,17,2022-04-08T13:15:00Z,22,22,-1.6455574000000002
HM,1899-12-31T13:04:00Z,RS478,136,136,0,1.73,0.19,0.19,0.54791666666666672,0.38,NA,NA,13:04:00,2022-04-08T13:04:00Z,3.92,41.93,33.85,38.01,29.93,2022-04-08,15:42,0.902,NA,-0.902,NA,Wet day 17,8 April 2022,low,wet,spore,8.079999999999998,8.079999999999998,21.25756379900026,17,2022-04-08T15:42:00Z,158,158,-0.3745486
HM,1899-12-31T13:13:00Z,RS214,91,272,181,1.96,0.19,0.26,0.55486111111111114,0.48,NA,NA,13:13:00,2022-04-08T13:13:00Z,3.84,38.84,36.62,35,32.78,2022-04-08,15:48,2.667,NA,-2.667,NA,Wet day 17,8 April 2022,low,wet,spore,2.219999999999999,2.219999999999999,6.342857142857139,17,2022-04-08T15:48:00Z,155,155,-2.1495634999999997
HM,1899-12-31T13:33:00Z,RS449,125,125,0,2.06,0.24,0.16,0.56805555555555554,0.43,NA,NA,13:33:00,2022-04-08T13:33:00Z,3.86,43.54,34.53,39.68,30.67,2022-04-08,16:00,1,NA,-1,NA,Wet day 17,8 April 2022,high,wet,spore,9.009999999999998,9.009999999999998,22.70665322580645,17,2022-04-08T16:00:00Z,147,147,-0.5092698999999999
HM,1899-12-31T13:42:00Z,RS544,144,144,0,2.0099999999999998,0.17,0.19,0.57499999999999996,0.37,NA,NA,13:42:00,2022-04-08T13:42:00Z,3.91,41.9,33.3,37.99,29.39,2022-04-08,16:04,0.943,NA,-0.943,NA,Wet day 17,8 April 2022,high,wet,spore,8.600000000000001,8.600000000000001,22.637536193735198,17,2022-04-08T16:04:00Z,142,142,-0.4689613999999999
HM,1899-12-31T13:51:00Z,RS587,76,215,139,1.67,0.14000000000000001,0.32,0.58125000000000004,0.48,NA,NA,13:51:00,2022-04-08T13:51:00Z,3.85,36.68,31.94,32.83,28.09,2022-04-08,16:09,2.327,NA,-2.327,NA,Wet day 17,8 April 2022,high,wet,spore,4.739999999999998,4.739999999999998,14.438014011574776,17,2022-04-08T16:09:00Z,138,138,-1.8663146
HM,1899-12-31T14:01:00Z,RS484,54,101,47,1.89,0.14000000000000001,0.1,0.58888888888888891,0.26,NA,NA,14:01:00,2022-04-08T14:01:00Z,3.9,46.09,35.55,42.19,31.65,2022-04-08,16:14,2.199,NA,-2.199,NA,Wet day 17,8 April 2022,high,wet,spore,10.54,10.54,24.982223275657738,17,2022-04-08T16:14:00Z,133,133,-1.7550060999999997
MH,1899-12-31T09:44:00Z,RS173,51,169,118,1.7,0.32,0.22,0.42083333333333334,NA,NA,NA,09:44:00,2022-04-14T09:44:00Z,3.89,37.06,34.71,33.17,30.82,2022-04-14,13:44,2.392,NA,-2.392,very clear,Wet day 23,14 April 2022,low,wet,spore,2.3500000000000014,2.3500000000000014,7.084715104009651,23,2022-04-14T13:44:00Z,240,240,-1.590808
MH,1899-12-31T10:11:00Z,RS245,"NA","NA","NA",1.21,0.12,0.12,0.42986111111111114,NA,NA,NA,10:11:00,2022-04-14T10:11:00Z,3.8,45.02,39.17,41.22,35.37,2022-04-14,13:48,1.23,NA,-1.23,very clear,Wet day 23,14 April 2022,low,wet,NM,5.850000000000001,5.850000000000001,14.192139737991269,23,2022-04-14T13:48:00Z,217,217,-0.5055888999999999
MH,1899-12-31T10:26:00Z,RS345,"NA","NA","NA",1.1100000000000001,0.3,0.36,0.43958333333333333,NA,NA,NA,10:26:00,2022-04-14T10:26:00Z,3.9,38.09,34.59,34.19,30.69,2022-04-14,13:50,1.696,NA,-1.696,very clear,Wet day 23,14 April 2022,low,wet,spore,3.4999999999999964,3.4999999999999964,10.236911377595778,23,2022-04-14T13:50:00Z,204,204,-1.0149868
MH,1899-12-31T10:37:00Z,RS031,"NA","NA","NA",1.6,0.3,0.32,0.44722222222222224,NA,NA,NA,10:37:00,2022-04-14T10:37:00Z,3.81,32.14,29.66,28.33,25.85,2022-04-14,13:53,1.314,NA,-1.314,very clear,Wet day 23,14 April 2022,high,wet,NM,2.479999999999997,2.479999999999997,8.753971055418273,23,2022-04-14T13:53:00Z,196,196,-0.6596932
MH,1899-12-31T10:48:00Z,RS483,85,85,0,1.88,0.13,0.11,0.46041666666666664,NA,white fungus on one part of root - still lots of root hairs and mostly uncolonized (prob. diff fungus species) fungus not on terminal part of roots,NA,10:48:00,2022-04-14T10:48:00Z,3.83,41.67,37.97,37.84,34.14,2022-04-14,13:54,1.15,NA,-1.15,very clear,Wet day 23,14 April 2022,low,wet,spore,3.700000000000003,3.700000000000003,9.778012684989436,23,2022-04-14T13:54:00Z,186,186,-0.5290761999999999
MH,1899-12-31T12:44:00Z,RS327,"NA","NA","NA",1.22,0.25,0.19,0.54027777777777775,NA,NA,NA,12:44:00,2022-04-14T12:44:00Z,3.89,42.73,38.88,38.84,34.99,2022-04-14,14:11,0.892,NA,-0.892,very clear,Wet day 23,14 April 2022,low,wet,spore,3.8500000000000014,3.8500000000000014,9.9124613800206,23,2022-04-14T14:11:00Z,87,87,-0.6015679
MH,1899-12-31T13:03:00Z,RS027,"NA","NA","NA",1.27,0.23,0.18,0.55000000000000004,NA,NA,NA,13:03:00,2022-04-14T13:03:00Z,3.81,41.3,35.32,37.49,31.51,2022-04-14,14:14,0.655,NA,-0.655,very clear,Wet day 23,14 April 2022,high,wet,NM,5.98,5.98,15.950920245398773,23,2022-04-14T14:14:00Z,71,71,-0.4179807
MH,1899-12-31T13:19:00Z,RS409,"NA","NA","NA",1.56,0.25,0.27,0.5625,NA,NA,NA,13:19:00,2022-04-14T13:19:00Z,3.88,38.86,34.38,34.98,30.5,2022-04-14,13:40,1.082,NA,-1.082,very clear,Wet day 23,14 April 2022,low,wet,NM,4.479999999999997,4.479999999999997,12.807318467695818,23,2022-04-14T13:40:00Z,21,21,-1.0118957000000002
MH,1899-12-31T13:35:00Z,RS448,"NA","NA","NA",1.72,0.22,0.18,0.57222222222222219,NA,NA,NA,13:35:00,2022-04-14T13:35:00Z,3.85,39.68,35.03,35.83,31.18,2022-04-14,14:41,0.972,NA,-0.972,very clear,Wet day 23,14 April 2022,high,wet,NM,4.649999999999999,4.649999999999999,12.977951437343005,23,2022-04-14T14:41:00Z,66,66,-0.7516722
MH,1899-12-31T13:50:00Z,RS252,"NA","NA","NA",1.63,0.22,0.18,0.58125000000000004,NA,NA,NA,13:50:00,2022-04-14T13:50:00Z,3.89,39.95,34.88,36.06,30.99,2022-04-14,14:46,0.948,NA,-0.948,very clear,NA,NA,NA,NA,NA,5.070000000000004,5.070000000000004,14.059900166389362,NA,2022-04-14T14:46:00Z,56,56,-0.7610551999999999
MH,1899-12-31T09:50:00Z,RS469,222,222,0,1.69,0.17,0.19,0.43055555555555558,NA,NA,NA,09:50:00,2022-04-14T09:50:00Z,3.81,41.94,34.63,38.13,30.82,2022-04-14,13.47,0.791,NA,-0.791,very clear,Wet day 23,14 April 2022,high,wet,spore,7.310000000000002,7.310000000000002,19.171256228691323,23,2022-04-14T13:47:00Z,237,237,1.771000000000411e-4
MH,1899-12-31T10:50:00Z,RS212,"NA","NA","NA",1.4,0.17,0.19,0.46250000000000002,NA,NA,NA,10:50:00,2022-04-14T10:50:00Z,3.91,40.32,35.78,36.41,31.87,2022-04-14,13:57,2.281,NA,-2.281,very clear,Wet day 23,14 April 2022,low,wet,NM,4.539999999999996,4.539999999999996,12.469101895083758,23,2022-04-14T13:57:00Z,187,187,-1.6567379
MH,1899-12-31T11:11:00Z,RS475,573,573,0,1.62,0.34,0.31,0.4861111111111111,NA,NA,NA,11:11:00,2022-04-14T11:11:00Z,3.89,40.58,36.67,36.69,32.78,2022-04-14,13:59,1.49,NA,-1.49,very clear,Wet day 23,14 April 2022,low,wet,spore,3.9099999999999966,3.9099999999999966,10.656854728808932,23,2022-04-14T13:59:00Z,168,168,-0.9291655999999999
MH,1899-12-31T11:42:00Z,RS423,"NA","NA","NA",1.77,0.41,0.38,0.49583333333333335,NA,NA,NA,11:42:00,2022-04-14T11:42:00Z,3.81,35.82,34.11,32.01,30.3,2022-04-14,14:01,3.363,NA,-3.363,very clear,Wet day 23,14 April 2022,high,wet,NM,1.7099999999999973,1.7099999999999973,5.342080599812551,23,2022-04-14T14:01:00Z,139,139,-2.8989763
IM,1899-12-31T13:00:00Z,RS320,"NA","NA","NA",1.54,0.21,0.17,0.54861111111111116,NA,NA,NA,13:00:00,2022-04-14T13:00:00Z,3.88,37.39,34.58,33.51,30.7,2022-04-14,14:13,0.932,NA,-0.932,very clear,Wet day 23,14 April 2022,low,wet,NM,2.8099999999999987,2.8099999999999987,8.385556550283495,23,2022-04-14T14:13:00Z,73,73,-0.6883041000000001
IM,1899-12-31T13:13:00Z,RS307,"NA","NA","NA",1.52,0.12,0.13,0.55763888888888891,NA,NA,NA,13:13:00,2022-04-14T13:13:00Z,3.79,43.53,38.44,39.74,34.65,2022-04-14,14:16,0.921,NA,-0.921,very clear,Wet day 23,14 April 2022,high,wet,spore,5.090000000000003,5.090000000000003,12.808253648716667,23,2022-04-14T14:16:00Z,63,63,-0.7106871
IM,1899-12-31T13:27:00Z,RS131,"NA","NA","NA",1.68,0.18,0.19,0.56597222222222221,NA,NA,NA,13:27:00,2022-04-14T13:27:00Z,3.82,39.23,33.47,35.41,29.65,2022-04-14,14:37,0.817,NA,-0.817,very clear,Wet day 23,14 April 2022,high,wet,NM,5.759999999999998,5.759999999999998,16.266591358373336,23,2022-04-14T14:37:00Z,70,70,-0.5833189999999999
